DT_MEDICAO,TEMP_MIN,TEMP_MED,TEMP_MAX,CHUVA,UMID_MIN,UMID_MED,VEL_VENTO_MED
2017-01-01,23.9,29.8,36.4,0.0,39.0,68.1,1.8
2017-01-02,24.1,28.4,33.5,0.0,52.0,74.4,1.2
2017-01-03,23.7,27.5,32.7,0.0,57.0,77.6,1.4
2017-01-04,22.0,28.9,37.6,0.0,32.0,66.7,2.2
2017-01-05,23.2,29.4,36.3,0.0,35.0,66.8,1.7
2017-01-06,22.5,28.1,33.6,0.0,47.0,69.7,1.6
2017-01-07,23.5,28.2,32.6,0.0,50.0,74.1,1.3
2017-01-08,23.9,28.8,33.7,0.0,50.0,69.8,1.8
2017-01-09,22.7,29.6,37.5,0.0,33.0,65.8,1.4
2017-01-10,23.1,29.3,35.8,0.0,39.0,68.0,1.5
2017-01-11,23.7,28.2,34.5,0.0,54.0,74.8,1.3
2017-01-12,23.1,25.0,31.7,0.0,61.0,87.4,1.2
2017-01-13,23.4,24.3,25.8,110.6,80.0,91.5,1.2
2017-01-14,22.7,25.7,29.6,15.2,65.0,81.7,1.6
2017-01-15,22.0,26.9,32.2,0.2,58.0,78.8,1.4
2017-01-16,23.4,27.8,33.9,0.0,53.0,75.8,1.9
2017-01-17,25.0,28.6,34.6,0.4,35.0,62.5,3.3
2017-01-18,21.6,29.0,35.7,0.0,36.0,60.7,2.8
2017-01-19,23.2,26.9,31.9,0.0,56.0,78.2,1.5
2017-01-20,23.5,26.3,30.3,0.0,62.0,80.4,1.2
2017-01-21,22.0,26.1,31.2,0.0,56.0,80.4,1.3
2017-01-22,24.0,27.6,33.5,0.0,42.0,68.9,2.6
2017-01-23,22.8,28.1,34.5,0.0,42.0,65.9,2.6
2017-01-24,22.3,28.6,35.9,0.0,37.0,66.6,2.2
2017-01-25,22.4,29.5,37.1,0.0,32.0,67.0,1.8
2017-01-26,23.7,29.1,36.0,0.0,36.0,72.2,1.4
2017-01-27,23.1,28.6,36.8,5.6,35.0,71.9,1.7
2017-01-28,23.2,28.4,35.5,0.0,36.0,68.6,2.7
2017-01-29,23.3,28.0,33.1,0.0,47.0,67.1,3.8
2017-01-30,24.0,27.6,34.0,0.0,43.0,70.0,3.5
2017-01-31,23.6,26.8,31.8,0.0,46.0,74.0,2.3
2017-02-01,23.9,27.6,33.9,0.0,39.0,67.5,2.6
2017-02-02,23.6,28.6,34.7,0.0,38.0,63.9,2.5
2017-02-03,22.8,28.1,34.4,1.4,39.0,70.6,2.1
2017-02-04,22.5,27.9,34.1,0.2,43.0,67.5,1.9
2017-02-05,22.6,27.5,35.8,0.0,44.0,74.9,1.7
2017-02-06,21.7,27.9,34.4,7.8,45.0,71.7,1.8
2017-02-07,22.6,27.3,32.7,0.2,54.0,77.5,1.6
2017-02-08,23.1,26.3,30.9,0.0,54.0,78.8,1.5
2017-02-09,20.7,25.5,30.4,0.0,51.0,75.6,1.6
2017-02-10,22.4,26.5,31.0,0.0,53.0,77.2,1.7
2017-02-11,21.3,28.1,34.7,0.0,37.0,65.4,2.7
2017-02-12,24.4,28.7,34.9,0.0,35.0,60.5,3.7
2017-02-13,24.0,28.6,35.0,0.0,35.0,59.1,4.3
2017-02-14,24.8,28.4,34.3,0.0,40.0,62.9,4.8
2017-02-15,25.1,28.9,35.6,0.0,34.0,63.0,3.9
2017-02-16,23.7,28.2,35.0,0.0,27.0,62.4,3.2
2017-02-17,24.5,28.5,34.8,0.0,35.0,63.7,3.3
2017-02-18,23.2,29.1,36.5,0.0,35.0,61.5,3.1
2017-02-19,23.9,29.9,37.5,0.0,29.0,58.2,3.3
2017-02-20,23.1,29.1,36.0,0.0,33.0,60.7,3.9
2017-02-21,24.3,27.9,34.0,0.0,36.0,66.1,4.0
2017-02-22,24.0,28.6,35.7,0.0,31.0,61.6,3.3
2017-02-23,24.2,29.4,35.8,0.0,30.0,54.6,2.7
2017-02-24,21.3,28.1,34.2,0.0,36.0,61.8,1.7
2017-02-25,22.1,26.2,31.7,0.0,53.0,70.0,1.4
2017-02-26,23.0,24.9,27.6,0.0,70.0,83.7,0.8
2017-02-27,22.2,26.1,32.7,2.0,41.0,73.3,1.3
2017-02-28,22.1,26.8,34.5,0.0,35.0,71.5,1.5
2017-03-01,21.6,27.6,35.3,20.2,36.0,68.3,1.8
2017-03-02,24.2,28.1,34.4,0.2,45.0,72.7,1.5
2017-03-03,23.6,28.4,35.8,0.4,39.0,71.2,1.4
2017-03-04,23.0,28.5,34.6,0.0,38.0,67.8,1.6
2017-03-05,23.7,28.1,34.0,0.0,46.0,70.5,1.4
2017-03-06,24.6,27.7,32.0,0.0,54.0,73.6,1.4
2017-03-07,24.0,26.7,30.8,2.8,60.0,82.9,1.3
2017-03-08,24.9,26.0,28.1,5.2,73.0,85.6,2.0
2017-03-09,24.2,27.2,32.1,17.6,52.0,74.5,2.6
2017-03-10,25.0,29.2,35.8,0.0,40.0,64.5,2.2
2017-03-11,22.9,27.4,33.4,0.0,45.0,75.3,1.1
2017-03-12,22.2,27.1,34.4,0.0,30.0,71.0,1.3
2017-03-13,22.2,26.4,32.4,0.0,40.0,74.0,2.0
2017-03-14,24.4,26.6,29.6,1.6,65.0,81.4,1.4
2017-03-15,21.8,26.1,30.4,0.2,51.0,75.8,2.1
2017-03-16,24.3,28.2,33.9,0.0,35.0,62.1,3.3
2017-03-17,21.0,27.4,34.2,0.0,35.0,67.5,2.2
2017-03-18,22.7,24.8,28.4,4.2,63.0,83.7,1.7
2017-03-19,22.1,23.0,24.7,3.2,64.0,85.0,1.1
2017-03-20,19.5,22.2,26.4,48.4,46.0,80.5,1.4
2017-03-21,19.8,23.5,27.6,0.0,56.0,74.5,2.1
2017-03-22,20.2,23.6,27.8,10.0,52.0,80.3,1.5
2017-03-23,18.9,22.7,27.3,0.2,51.0,78.7,1.4
2017-03-24,18.1,23.8,29.9,0.0,42.0,71.2,1.9
2017-03-25,19.4,24.5,29.4,0.0,55.0,77.4,1.8
2017-03-26,19.1,24.1,28.5,0.0,54.0,77.6,2.1
2017-03-27,20.8,24.4,29.1,0.0,51.0,76.1,1.7
2017-03-28,21.4,23.3,26.6,0.6,62.0,84.5,1.3
2017-03-29,19.3,22.6,27.2,21.6,53.0,78.0,1.8
2017-03-30,19.3,22.3,26.2,1.6,59.0,80.2,1.6
2017-03-31,18.2,22.1,26.7,1.4,50.0,77.5,2.1
2017-04-01,19.0,22.2,26.8,8.2,56.0,80.2,2.4
2017-04-02,19.0,21.9,27.2,16.0,55.0,83.2,1.5
2017-04-03,19.1,22.9,28.0,0.8,53.0,79.9,1.4
2017-04-04,18.9,23.6,28.5,0.0,49.0,76.2,1.6
2017-04-05,19.3,25.8,33.1,0.0,39.0,71.5,1.8
2017-04-06,20.0,26.4,35.4,0.0,29.0,68.7,1.9
2017-04-07,22.2,25.2,29.3,0.0,67.0,84.2,0.9
2017-04-08,23.7,25.7,29.3,0.8,67.0,85.1,1.1
2017-04-09,23.5,25.7,29.2,1.6,66.0,85.0,1.0
2017-04-10,21.6,24.6,29.4,0.2,60.0,85.6,1.4
2017-04-11,23.5,26.0,30.6,0.0,55.0,74.9,3.1
2017-04-12,20.9,24.6,29.3,0.0,64.0,82.5,1.9
2017-04-13,20.8,22.1,25.1,21.0,67.0,88.0,1.2
2017-04-14,20.2,22.7,26.4,6.6,67.0,86.0,1.2
2017-04-15,19.2,24.2,29.0,0.4,59.0,76.0,2.1
2017-04-16,19.3,24.3,29.5,0.0,53.0,76.0,1.7
2017-04-17,20.4,23.9,28.4,0.0,61.0,80.8,2.2
2017-04-18,20.8,23.0,26.7,2.2,52.0,76.7,1.5
2017-04-19,19.0,22.0,26.8,2.2,46.0,78.7,1.3
2017-04-20,18.9,22.8,27.2,0.2,51.0,71.1,2.7
2017-04-21,20.2,24.7,32.0,0.0,38.0,64.3,2.3
2017-04-22,19.8,22.2,25.0,0.0,73.0,87.6,1.5
2017-04-23,19.5,22.2,25.6,4.8,71.0,86.7,1.5
2017-04-24,18.8,22.1,27.9,6.6,53.0,80.5,1.2
2017-04-25,18.1,24.0,30.8,0.2,45.0,71.8,2.1
2017-04-26,20.1,25.9,33.0,0.0,45.0,71.3,2.3
2017-04-27,23.7,24.8,26.7,0.0,60.0,73.5,2.2
2017-04-28,19.5,20.4,22.7,24.0,73.0,88.4,1.4
2017-04-29,18.9,20.6,24.4,0.4,59.0,84.5,0.8
2017-04-30,18.9,20.9,24.8,4.0,67.0,85.5,1.2
2017-05-01,16.8,21.1,27.2,0.0,44.0,80.3,1.5
2017-05-02,16.7,19.6,24.4,0.0,59.0,85.3,1.4
2017-05-03,14.9,20.9,29.1,0.0,42.0,78.2,1.5
2017-05-04,16.6,23.1,31.5,0.0,39.0,76.1,1.6
2017-05-05,17.6,22.8,29.7,0.0,45.0,81.2,1.5
2017-05-06,19.6,21.3,25.1,3.8,69.0,89.1,1.3
2017-05-07,19.3,22.4,27.0,1.0,57.0,80.2,1.7
2017-05-08,17.5,21.7,28.0,0.4,54.0,83.9,1.0
2017-05-09,17.4,22.1,29.0,0.0,57.0,84.5,1.1
2017-05-10,17.1,21.8,27.6,0.0,48.0,78.6,1.8
2017-05-11,19.9,21.8,27.2,4.4,49.0,79.3,1.7
2017-05-12,16.0,20.2,26.8,1.2,43.0,77.5,1.2
2017-05-13,14.0,20.7,30.0,0.2,40.0,77.4,1.2
2017-05-14,17.6,25.4,33.5,0.0,31.0,60.1,2.3
2017-05-15,19.5,23.1,26.7,0.0,41.0,70.5,2.7
2017-05-16,17.4,21.3,26.5,0.4,55.0,80.5,1.6
2017-05-17,15.9,19.8,25.3,0.4,54.0,81.8,1.2
2017-05-18,18.8,21.0,24.8,0.0,57.0,73.5,1.7
2017-05-19,19.2,19.4,20.7,0.8,68.0,83.7,3.4
2017-05-20,18.1,21.0,23.5,20.6,73.0,86.3,2.9
2017-05-21,20.3,21.1,22.2,8.8,81.0,89.3,3.8
2017-05-22,20.7,21.9,24.0,1.2,76.0,83.6,3.4
2017-05-23,16.2,20.4,25.6,3.6,60.0,79.8,1.5
2017-05-24,15.1,20.6,27.0,0.2,59.0,83.1,1.9
2017-05-25,21.5,23.6,27.8,0.0,61.0,76.2,3.2
2017-05-26,19.2,24.0,29.7,0.0,48.0,70.8,2.4
2017-05-27,16.8,21.5,29.0,0.0,48.0,82.1,1.0
2017-05-28,17.3,20.6,25.1,0.0,70.0,88.5,1.0
2017-05-29,16.8,20.6,25.3,0.0,67.0,86.8,1.1
2017-05-30,16.0,19.6,25.2,0.2,65.0,87.4,1.2
2017-05-31,16.6,20.5,25.5,0.0,63.0,85.1,0.9
2017-06-01,15.6,22.1,30.2,0.2,43.0,76.7,1.4
2017-06-02,20.1,21.7,23.7,0.0,50.0,71.5,2.6
2017-06-03,15.4,20.3,24.7,0.0,62.0,79.1,1.3
2017-06-04,16.1,21.6,28.3,0.0,59.0,81.0,1.2
2017-06-05,16.5,21.9,31.0,0.0,49.0,79.6,1.4
2017-06-06,18.8,22.4,27.1,0.0,65.0,83.4,1.0
2017-06-07,19.0,23.0,30.6,0.0,51.0,83.0,1.0
2017-06-08,18.0,23.8,32.5,0.0,42.0,78.5,1.3
2017-06-09,18.9,23.4,29.4,0.0,39.0,74.7,2.0
2017-06-10,18.4,19.2,21.5,5.4,59.0,74.3,2.5
2017-06-11,11.5,16.5,22.5,0.0,62.0,84.6,1.1
2017-06-12,14.3,19.1,25.2,0.2,65.0,87.3,0.9
2017-06-13,17.1,20.3,23.1,0.0,75.0,87.6,0.9
2017-06-14,19.3,20.9,22.8,21.4,78.0,88.1,1.4
2017-06-15,18.3,20.6,24.3,4.4,62.0,84.4,1.1
2017-06-16,17.3,20.2,23.8,1.8,65.0,88.2,1.2
2017-06-17,15.6,20.2,26.3,0.2,63.0,84.6,1.0
2017-06-18,15.1,20.6,29.4,0.2,35.0,76.4,1.1
2017-06-19,16.4,23.0,30.8,0.0,26.0,60.9,2.0
2017-06-20,19.3,21.6,24.5,14.8,74.0,86.6,1.3
2017-06-21,18.9,20.2,22.2,91.8,80.0,91.4,1.2
2017-06-22,19.1,20.5,23.9,10.6,70.0,88.9,1.3
2017-06-23,18.2,20.5,22.8,7.2,81.0,91.0,0.8
2017-06-24,17.6,19.8,22.2,12.2,78.0,91.2,1.1
2017-06-25,15.4,18.9,24.0,3.4,53.0,84.7,1.3
2017-06-26,14.6,18.5,24.6,2.2,61.0,86.1,1.7
2017-06-27,13.4,18.5,24.3,0.2,55.0,84.7,1.4
2017-06-28,17.1,22.5,28.0,0.2,46.0,71.0,2.4
2017-06-29,12.5,18.5,26.1,0.0,42.0,80.3,1.0
2017-06-30,13.3,19.7,30.3,0.0,22.0,71.5,1.3
2017-07-01,14.0,19.2,25.2,0.2,62.0,79.8,1.9
2017-07-02,17.2,18.0,20.7,12.6,69.0,86.1,1.8
2017-07-03,13.8,16.5,21.1,24.0,51.0,82.7,1.4
2017-07-04,12.6,16.4,20.6,0.2,61.0,85.6,1.2
2017-07-05,15.7,18.1,21.9,3.4,61.0,85.1,1.3
2017-07-06,13.7,18.3,22.9,2.0,60.0,85.6,1.2
2017-07-07,17.0,19.2,22.9,2.0,64.0,85.2,1.3
2017-07-08,14.1,19.2,24.4,0.0,60.0,79.2,2.2
2017-07-09,15.9,20.3,25.0,0.0,56.0,78.9,3.0
2017-07-10,17.6,21.8,26.8,0.0,47.0,73.9,2.3
2017-07-11,15.0,20.7,27.3,0.0,47.0,77.8,1.4
2017-07-12,15.0,18.9,24.0,0.0,68.0,88.2,0.9
2017-07-13,15.6,20.2,24.7,0.0,57.0,80.9,1.9
2017-07-14,14.5,20.5,25.5,0.0,53.0,76.1,2.7
2017-07-15,18.0,21.7,26.5,0.0,49.0,65.1,3.4
2017-07-16,15.5,21.6,26.8,0.0,42.0,71.2,2.3
2017-07-17,14.6,20.8,29.9,0.0,28.0,69.0,1.5
2017-07-18,16.9,19.0,22.8,0.0,61.0,81.5,2.6
2017-07-19,16.0,17.1,19.2,6.8,79.0,89.9,1.4
2017-07-20,15.0,19.3,24.5,1.2,52.0,79.8,1.9
2017-07-21,17.1,21.1,26.7,0.0,51.0,74.4,1.5
2017-07-22,15.7,19.3,24.3,0.0,60.0,82.3,1.8
2017-07-23,16.3,20.1,25.3,0.0,61.0,81.9,1.3
2017-07-24,17.0,21.9,27.0,0.0,48.0,71.4,3.0
2017-07-25,20.8,23.3,28.7,0.0,31.0,63.3,2.6
2017-07-26,14.7,21.4,27.8,0.0,40.0,65.9,2.2
2017-07-27,13.4,19.9,25.8,0.0,37.0,69.6,2.2
2017-07-28,13.3,18.6,25.3,0.0,46.0,76.8,2.0
2017-07-29,17.5,21.3,25.0,0.0,47.0,71.5,4.1
2017-07-30,15.8,21.0,26.1,0.0,35.0,65.7,3.1
2017-07-31,18.8,21.7,27.1,0.0,31.0,63.9,2.3
2017-08-01,13.0,19.9,26.7,0.0,31.0,70.0,1.4
2017-08-02,12.9,20.0,28.9,0.0,23.0,63.1,1.6
2017-08-03,15.8,25.8,32.9,0.0,21.0,42.4,3.5
2017-08-04,20.2,20.9,23.3,0.0,56.0,70.6,4.0
2017-08-05,18.4,19.7,23.0,11.4,60.0,79.0,2.1
2017-08-06,14.4,17.5,23.0,0.0,42.0,78.7,1.0
2017-08-07,12.0,18.3,25.3,0.0,38.0,73.3,2.4
2017-08-08,11.4,20.2,29.9,0.0,27.0,66.5,1.8
2017-08-09,15.1,23.5,34.9,0.0,21.0,61.1,1.8
2017-08-10,20.8,21.5,24.6,0.0,53.0,77.2,2.2
2017-08-11,17.4,18.7,20.6,4.0,68.0,84.8,1.4
2017-08-12,16.6,19.4,23.5,1.0,54.0,74.0,2.4
2017-08-13,18.0,21.0,26.1,0.0,50.0,68.7,3.5
2017-08-14,19.2,22.8,28.9,0.0,45.0,66.1,2.8
2017-08-15,20.2,20.6,22.2,0.0,75.0,87.9,1.5
2017-08-16,18.1,20.0,22.5,8.4,74.0,85.4,1.3
2017-08-17,18.7,19.7,21.4,4.0,80.0,91.2,0.7
2017-08-18,19.0,19.7,21.0,3.8,86.0,92.4,0.8
2017-08-19,18.4,22.1,27.4,2.2,55.0,78.5,1.9
2017-08-20,19.0,23.0,27.2,0.2,56.0,73.2,2.6
2017-08-21,17.1,18.3,22.2,15.4,59.0,87.0,2.0
2017-08-22,15.9,18.2,21.1,10.4,53.0,78.2,1.8
2017-08-23,16.3,19.1,21.9,0.0,60.0,73.1,2.5
2017-08-24,18.0,19.8,23.4,0.0,52.0,70.0,2.7
2017-08-25,12.8,19.9,25.6,0.0,42.0,68.2,3.3
2017-08-26,14.1,20.3,25.9,0.0,47.0,68.6,2.9
2017-08-27,13.7,20.5,28.2,0.0,30.0,66.8,2.3
2017-08-28,13.3,20.4,26.5,0.0,54.0,73.0,1.9
2017-08-29,14.3,21.6,29.2,0.0,38.0,71.5,2.1
2017-08-30,14.5,22.5,30.1,0.0,41.0,70.9,1.7
2017-08-31,15.9,19.9,24.2,0.0,70.0,84.2,2.3
2017-09-01,18.0,19.5,22.3,8.0,57.0,80.0,1.9
2017-09-02,15.4,19.1,23.8,0.0,47.0,74.0,2.8
2017-09-03,17.4,20.9,25.9,0.0,41.0,64.3,5.0
2017-09-04,17.6,22.1,28.5,0.0,33.0,62.3,3.2
2017-09-05,14.0,22.1,29.7,0.0,28.0,65.5,2.3
2017-09-06,12.6,19.3,26.5,0.0,43.0,76.1,1.9
2017-09-07,14.1,19.7,25.0,0.0,49.0,80.0,1.7
2017-09-08,18.2,22.9,30.0,0.0,30.0,62.6,3.1
2017-09-09,19.9,23.9,31.1,0.0,28.0,62.5,3.6
2017-09-10,21.2,24.1,29.5,0.0,42.0,65.6,3.9
2017-09-11,21.4,24.9,31.2,0.0,32.0,58.5,4.4
2017-09-12,19.7,24.9,32.5,0.0,29.0,56.5,3.6
2017-09-13,18.3,24.0,30.8,0.0,35.0,64.3,3.2
2017-09-14,20.6,25.6,33.9,0.0,26.0,57.8,3.5
2017-09-15,14.9,23.9,34.4,0.0,24.0,63.3,2.0
2017-09-16,17.1,23.2,30.2,0.0,42.0,68.6,3.2
2017-09-17,20.6,24.5,31.8,0.0,32.0,62.7,3.8
2017-09-18,17.2,22.6,27.3,0.0,53.0,73.2,2.0
2017-09-19,20.7,24.3,30.5,0.0,42.0,65.5,3.1
2017-09-20,20.7,24.2,30.9,0.0,36.0,62.2,3.5
2017-09-21,20.3,24.3,30.7,0.0,33.0,59.8,4.3
2017-09-22,20.8,24.8,31.8,0.0,29.0,57.6,4.0
2017-09-23,17.9,25.0,33.0,0.0,24.0,56.6,2.8
2017-09-24,16.6,21.3,26.5,0.0,59.0,78.5,1.3
2017-09-25,16.3,20.6,24.8,0.0,49.0,77.8,2.7
2017-09-26,20.1,23.7,29.9,0.0,31.0,61.0,4.3
2017-09-27,20.9,25.4,33.0,0.0,29.0,57.6,3.1
2017-09-28,17.6,22.3,26.9,0.0,51.0,73.4,2.6
2017-09-29,18.2,22.2,27.0,0.0,54.0,75.9,1.6
2017-09-30,19.7,22.5,25.0,0.0,63.0,79.7,2.1
2017-10-01,21.2,25.2,29.2,2.4,42.0,60.2,2.5
2017-10-02,23.9,29.6,37.8,0.0,23.0,48.0,3.5
2017-10-03,21.5,22.1,27.2,8.4,53.0,86.9,1.6
2017-10-04,18.9,20.7,22.6,2.2,65.0,78.3,1.5
2017-10-05,17.6,24.3,32.1,0.0,37.0,63.6,3.2
2017-10-06,21.7,25.8,33.7,0.0,34.0,65.0,3.5
2017-10-07,21.4,23.7,27.2,0.0,59.0,74.1,2.4
2017-10-08,18.7,24.1,30.8,0.0,41.0,69.5,3.5
2017-10-09,21.6,26.8,34.7,0.0,30.0,57.4,3.5
2017-10-10,19.7,26.7,33.6,0.0,37.0,61.0,2.4
2017-10-11,19.1,26.2,34.0,0.0,34.0,65.8,2.1
2017-10-12,20.4,24.9,29.4,0.0,51.0,72.5,1.5
2017-10-13,19.9,26.0,31.5,0.0,48.0,67.9,2.2
2017-10-14,18.6,24.4,29.2,0.0,57.0,74.8,2.4
2017-10-15,21.4,22.1,23.9,7.6,73.0,85.5,1.9
2017-10-16,19.1,20.5,21.6,3.0,70.0,82.3,1.7
2017-10-17,20.7,23.6,29.2,0.0,44.0,68.8,3.4
2017-10-18,21.4,25.6,31.8,0.0,35.0,57.7,4.9
2017-10-19,21.6,27.0,35.3,0.0,22.0,52.3,3.8
2017-10-20,18.6,23.9,29.6,0.0,48.0,71.3,2.9
2017-10-21,20.7,24.1,27.2,0.0,64.0,79.1,1.4
2017-10-22,22.3,24.3,29.4,0.2,49.0,78.7,1.3
2017-10-23,20.8,20.7,21.9,27.4,92.0,94.1,1.0
2017-10-24,17.6,19.9,23.0,23.4,66.0,87.0,1.1
2017-10-25,19.4,23.7,29.7,0.6,50.0,77.5,2.8
2017-10-26,21.1,25.2,30.5,0.2,43.0,66.7,2.7
2017-10-27,19.7,23.8,28.7,0.0,53.0,77.5,1.8
2017-10-28,20.8,27.2,33.3,9.4,31.0,60.3,2.4
2017-10-29,20.5,24.3,29.6,0.0,38.0,73.5,1.2
2017-10-30,20.5,23.7,29.0,2.2,61.0,81.0,2.4
2017-10-31,22.2,23.6,27.2,0.0,65.0,83.1,2.9
2017-11-01,20.4,21.9,25.6,1.0,53.0,74.6,2.6
2017-11-02,15.6,20.3,24.2,0.2,48.0,70.7,1.9
2017-11-03,19.1,24.4,30.3,0.0,43.0,59.8,4.4
2017-11-04,19.6,27.1,33.4,0.0,33.0,58.2,2.7
2017-11-05,22.0,24.0,29.4,0.0,49.0,77.8,2.6
2017-11-06,20.9,21.4,23.4,2.0,71.0,85.8,1.1
2017-11-07,17.8,20.0,23.2,3.8,59.0,79.9,2.0
2017-11-08,18.1,21.9,26.2,0.0,53.0,67.5,3.7
2017-11-09,19.8,24.0,29.9,0.0,46.0,66.1,3.4
2017-11-10,19.0,26.1,33.6,0.0,39.0,64.9,2.9
2017-11-11,22.4,23.4,30.3,2.4,47.0,81.2,2.5
2017-11-12,17.7,23.4,31.1,16.2,17.0,68.2,1.7
2017-11-13,14.9,21.3,27.4,0.0,40.0,66.7,2.7
2017-11-14,14.8,21.2,26.9,0.0,38.0,72.0,1.4
2017-11-15,16.5,23.5,31.2,0.0,40.0,72.0,2.5
2017-11-16,18.6,,,0.0,30.0,71.4,
2017-11-17,,,,,,,
2017-11-18,,,,,,,
2017-11-19,,,,,,,
2017-11-20,,,,,,,
2017-11-21,,,,,,,
2017-11-22,,,,,,,
2017-11-23,,,,,,,
2017-11-24,,,,,,,
2017-11-25,,,,,,,
2017-11-26,,,,,,,
2017-11-27,,,,,,,
2017-11-28,,,,,,,
2017-11-29,,,,,,,
2017-11-30,,,,,,,
2017-12-01,,,,,,,
2017-12-02,,,,,,,
2017-12-03,,,,,,,
2017-12-04,,,,,,,
2017-12-05,,,,,,,
2017-12-06,,,,,,,
2017-12-07,,,,,,,
2017-12-08,,,,,,,
2017-12-09,,,,,,,
2017-12-10,,,,,,,
2017-12-11,,,,,,,
2017-12-12,,,,,,,
2017-12-13,,,,,,,
2017-12-14,,,,,46.0,62.9,
2017-12-15,18.7,25.8,33.2,0.0,40.0,71.8,2.0
2017-12-16,20.0,25.8,31.5,0.0,55.0,78.1,1.8
2017-12-17,20.7,27.8,36.7,0.0,33.0,68.9,2.4
2017-12-18,21.3,27.3,34.5,0.0,38.0,70.3,1.6
2017-12-19,22.3,26.0,31.0,0.0,50.0,75.8,1.9
2017-12-20,20.6,26.8,33.9,0.0,34.0,70.4,2.2
2017-12-21,22.8,27.3,34.2,0.0,46.0,67.2,2.4
2017-12-22,21.3,25.2,32.1,1.4,55.0,81.2,1.4
2017-12-23,23.0,28.9,36.0,0.2,40.0,65.8,2.4
2017-12-24,21.8,29.0,38.0,0.0,29.0,63.5,1.9
2017-12-25,22.5,27.3,33.7,0.6,44.0,71.3,1.4
2017-12-26,23.6,26.6,30.6,0.8,48.0,77.4,1.4
2017-12-27,23.2,26.0,30.7,0.2,62.0,80.0,1.1
2017-12-28,23.6,25.9,29.8,0.0,66.0,82.9,1.2
2017-12-29,22.7,25.4,30.5,0.0,58.0,81.9,1.7
2017-12-30,22.4,25.8,28.9,40.0,56.0,78.9,2.7
2017-12-31,24.3,28.8,32.4,2.0,43.0,61.4,2.2
2018-01-01,22.5,26.7,32.7,0.0,48.0,74.9,1.5
2018-01-02,22.3,28.0,34.7,0.0,47.0,70.5,1.5
2018-01-03,23.1,27.8,35.3,1.6,39.0,73.7,1.8
2018-01-04,22.6,23.1,26.5,71.8,77.0,90.5,1.2
2018-01-05,20.0,23.7,28.1,24.6,67.0,86.4,1.1
2018-01-06,22.1,27.3,34.2,18.2,36.0,72.6,1.5
2018-01-07,23.8,25.2,27.9,0.2,72.0,86.2,1.3
2018-01-08,23.3,25.5,30.7,0.2,63.0,82.8,1.3
2018-01-09,22.1,26.5,31.3,0.2,54.0,73.3,3.4
2018-01-10,23.6,26.9,32.1,0.0,49.0,70.2,3.7
2018-01-11,22.8,26.8,32.3,0.0,47.0,69.7,3.2
2018-01-12,22.2,26.1,32.3,0.0,51.0,74.4,1.6
2018-01-13,21.2,26.5,32.9,0.6,46.0,71.6,1.3
2018-01-14,21.6,26.2,32.9,3.6,46.0,78.9,1.4
2018-01-15,21.8,27.6,35.5,6.0,39.0,69.8,2.0
2018-01-16,20.7,25.8,33.1,1.6,37.0,71.5,1.2
2018-01-17,20.7,26.5,32.7,0.2,49.0,76.0,1.4
2018-01-18,22.1,28.5,35.8,0.0,33.0,70.1,1.5
2018-01-19,22.5,27.7,33.1,0.0,49.0,70.2,1.9
2018-01-20,22.3,26.7,31.6,0.0,52.0,78.4,1.3
2018-01-21,22.4,25.9,30.0,0.0,58.0,78.9,1.1
2018-01-22,23.7,28.2,35.1,0.0,42.0,67.8,1.5
2018-01-23,22.8,28.1,33.5,0.0,46.0,66.9,1.4
2018-01-24,22.3,28.7,34.8,0.0,40.0,65.5,1.9
2018-01-25,22.9,27.6,33.9,0.0,53.0,73.4,1.6
2018-01-26,22.5,26.1,31.4,0.4,64.0,81.9,1.5
2018-01-27,21.7,24.2,26.1,95.0,74.0,87.3,1.3
2018-01-28,20.8,24.9,29.5,5.8,60.0,80.1,1.5
2018-01-29,22.3,26.4,30.5,0.0,63.0,77.1,1.2
2018-01-30,22.8,23.2,26.2,6.0,83.0,90.7,1.1
2018-01-31,20.3,24.0,28.5,13.4,55.0,78.9,1.7
2018-02-01,18.9,23.8,29.8,0.0,56.0,79.4,1.8
2018-02-02,20.6,24.3,29.7,0.0,56.0,79.6,1.4
2018-02-03,19.9,24.7,29.5,0.0,57.0,77.5,1.4
2018-02-04,20.8,23.9,27.4,0.0,54.0,77.0,1.1
2018-02-05,21.0,21.5,23.0,0.8,77.0,89.8,1.3
2018-02-06,20.7,23.2,27.9,30.2,66.0,86.0,1.2
2018-02-07,20.9,24.1,28.8,1.0,66.0,85.1,1.5
2018-02-08,20.1,24.6,29.2,3.6,67.0,82.6,1.3
2018-02-09,19.9,26.2,32.8,0.0,49.0,78.7,1.7
2018-02-10,22.3,28.5,35.2,0.0,43.0,71.5,2.2
2018-02-11,22.4,28.0,34.7,0.0,50.0,73.7,1.7
2018-02-12,22.7,28.6,34.6,0.0,47.0,70.8,1.4
2018-02-13,22.6,26.4,32.3,0.0,61.0,81.7,1.4
2018-02-14,23.9,26.2,30.7,1.8,59.0,80.0,1.7
2018-02-15,24.1,26.6,30.0,0.0,60.0,75.5,2.3
2018-02-16,21.8,25.5,30.6,0.0,57.0,81.6,1.2
2018-02-17,20.9,25.2,29.9,0.0,60.0,80.0,1.5
2018-02-18,21.4,25.8,30.6,0.0,56.0,78.0,1.3
2018-02-19,20.8,25.8,32.2,0.0,51.0,78.9,1.5
2018-02-20,23.5,27.5,35.1,2.0,44.0,76.8,1.7
2018-02-21,24.5,28.3,35.4,7.8,40.0,71.2,1.7
2018-02-22,22.7,25.7,30.8,38.8,65.0,84.9,1.4
2018-02-23,22.5,24.1,26.9,29.0,81.0,89.8,1.2
2018-02-24,20.5,24.1,28.7,28.2,57.0,82.3,1.2
2018-02-25,20.1,24.3,28.9,0.0,51.0,79.5,1.7
2018-02-26,22.6,25.6,29.7,0.0,58.0,78.9,1.6
2018-02-27,22.2,25.4,30.0,2.8,64.0,81.6,1.7
2018-02-28,21.6,24.9,29.6,32.8,66.0,84.6,1.3
2018-03-01,21.7,25.1,29.9,0.0,68.0,85.2,1.1
2018-03-02,22.3,26.1,31.6,0.0,63.0,84.3,1.4
2018-03-03,23.5,26.3,30.4,0.0,69.0,86.8,1.0
2018-03-04,22.6,26.0,30.9,3.4,62.0,84.1,1.1
2018-03-05,22.9,26.3,31.2,2.8,61.0,82.2,1.2
2018-03-06,22.6,26.3,31.7,0.0,60.0,82.0,1.6
2018-03-07,22.1,25.8,30.7,0.0,64.0,82.3,1.4
2018-03-08,23.3,24.8,28.2,0.0,65.0,87.5,1.2
2018-03-09,22.4,24.4,28.1,117.6,60.0,84.0,1.1
2018-03-10,19.4,24.3,29.7,0.2,58.0,80.3,1.6
2018-03-11,23.3,25.3,29.5,11.4,69.0,86.5,1.3
2018-03-12,20.2,25.3,31.7,1.6,61.0,82.2,1.1
2018-03-13,21.5,25.1,29.5,0.2,55.0,84.2,0.9
2018-03-14,21.4,26.8,33.1,0.0,56.0,79.4,1.7
2018-03-15,23.3,27.8,33.4,1.4,58.0,78.4,1.6
2018-03-16,23.5,27.6,34.1,0.2,49.0,77.0,1.8
2018-03-17,24.0,25.5,27.8,2.6,63.0,82.8,1.3
2018-03-18,20.7,25.3,30.7,0.2,60.0,80.9,1.5
2018-03-19,21.3,26.5,32.7,0.0,46.0,77.9,1.2
2018-03-20,22.5,27.2,32.9,0.0,56.0,78.9,1.1
2018-03-21,23.9,26.0,30.2,11.0,60.0,82.5,1.4
2018-03-22,22.9,23.8,25.0,7.2,83.0,90.6,1.0
2018-03-23,21.8,25.6,31.2,10.2,60.0,82.3,1.9
2018-03-24,22.0,27.1,32.3,0.0,42.0,68.4,2.9
2018-03-25,21.8,27.1,32.7,0.0,45.0,67.1,2.9
2018-03-26,21.1,27.6,34.0,0.0,40.0,65.2,2.6
2018-03-27,21.6,26.9,32.8,0.0,39.0,67.4,2.2
2018-03-28,23.2,26.7,32.6,0.0,42.0,68.3,2.6
2018-03-29,23.5,26.5,31.1,0.0,41.0,69.9,3.6
2018-03-30,22.5,26.5,31.9,0.0,39.0,69.4,2.5
2018-03-31,20.7,26.7,32.8,0.0,36.0,66.6,2.2
2018-04-01,20.7,26.8,33.5,0.0,42.0,70.8,1.7
2018-04-02,21.8,26.2,34.1,0.0,38.0,77.0,1.4
2018-04-03,22.5,26.3,32.5,1.0,48.0,77.0,1.5
2018-04-04,22.3,24.7,29.0,11.4,64.0,84.4,1.3
2018-04-05,21.0,24.7,28.8,1.4,65.0,84.3,1.1
2018-04-06,22.8,24.5,28.2,0.0,69.0,86.6,1.1
2018-04-07,22.1,,26.5,18.8,76.0,88.6,1.4
2018-04-08,,,,,61.0,,
2018-04-09,,,,,48.0,,
2018-04-10,,,,,46.0,,
2018-04-11,,,,,58.0,75.3,
2018-04-12,20.6,25.2,30.5,6.0,52.0,78.1,2.0
2018-04-13,20.8,26.2,32.0,0.0,49.0,76.0,1.6
2018-04-14,22.0,24.8,28.0,0.0,68.0,84.1,1.5
2018-04-15,22.1,22.7,23.9,16.6,73.0,89.9,1.5
2018-04-16,20.4,22.5,26.1,36.8,64.0,83.5,1.5
2018-04-17,17.8,21.2,26.3,0.4,59.0,82.2,1.5
2018-04-18,16.0,20.6,26.8,0.0,54.0,83.9,1.2
2018-04-19,16.2,22.0,28.5,0.2,45.0,76.4,1.6
2018-04-20,16.7,22.2,28.3,0.0,52.0,77.5,1.3
2018-04-21,18.0,22.6,29.3,0.0,45.0,79.1,1.2
2018-04-22,18.7,23.3,28.9,0.0,48.0,73.2,2.4
2018-04-23,17.8,23.1,29.8,0.0,49.0,77.5,1.5
2018-04-24,20.7,24.2,30.7,0.0,47.0,78.0,1.6
2018-04-25,19.6,24.0,29.0,23.0,61.0,81.6,1.5
2018-04-26,19.2,23.6,29.1,0.0,53.0,83.4,1.1
2018-04-27,22.0,25.0,31.2,0.2,47.0,81.2,1.3
2018-04-28,19.6,24.6,30.1,0.0,51.0,76.4,2.0
2018-04-29,18.2,24.0,29.7,0.0,41.0,71.7,1.8
2018-04-30,16.0,22.7,30.4,0.0,42.0,75.9,1.3
2018-05-01,16.4,22.3,30.5,0.0,49.0,77.7,1.2
2018-05-02,20.1,23.4,29.2,0.0,61.0,83.3,1.2
2018-05-03,21.2,22.7,24.6,7.8,78.0,88.2,1.7
2018-05-04,21.7,24.9,30.0,0.0,56.0,76.3,2.4
2018-05-05,19.8,24.8,30.8,0.0,52.0,78.2,1.4
2018-05-06,19.0,22.9,28.9,0.0,55.0,83.9,1.4
2018-05-07,18.0,22.2,28.7,0.0,58.0,84.0,1.0
2018-05-08,19.6,21.3,24.6,16.6,68.0,89.3,1.1
2018-05-09,19.4,21.2,25.5,8.0,65.0,86.6,1.2
2018-05-10,16.7,21.7,27.7,0.4,47.0,74.3,1.9
2018-05-11,15.9,22.0,30.2,0.0,39.0,74.5,1.5
2018-05-12,17.8,24.0,33.5,0.0,32.0,72.3,1.8
2018-05-13,20.9,22.0,24.6,16.0,80.0,89.3,1.3
2018-05-14,19.3,22.1,25.9,3.8,66.0,84.3,1.1
2018-05-15,21.2,23.9,28.6,0.0,55.0,74.6,2.1
2018-05-16,18.7,24.0,31.9,0.0,41.0,74.5,1.6
2018-05-17,21.5,22.4,25.3,0.0,72.0,85.8,1.0
2018-05-18,19.1,23.2,28.5,1.0,58.0,80.6,2.1
2018-05-19,20.3,24.7,32.8,0.0,37.0,71.4,2.7
2018-05-20,18.0,20.1,23.3,16.8,52.0,79.3,2.3
2018-05-21,14.9,18.2,24.3,0.0,44.0,75.4,1.3
2018-05-22,12.8,17.8,24.3,0.0,58.0,83.8,1.1
2018-05-23,14.3,19.1,24.4,0.0,66.0,85.3,1.5
2018-05-24,16.3,20.6,25.5,0.0,58.0,82.6,1.0
2018-05-25,16.1,19.9,24.6,0.0,64.0,86.7,1.2
2018-05-26,18.6,21.0,26.4,0.6,48.0,76.3,1.6
2018-05-27,15.0,19.4,25.4,0.0,56.0,83.6,1.2
2018-05-28,15.5,19.3,24.2,0.0,64.0,87.7,0.8
2018-05-29,16.4,20.8,26.4,1.0,49.0,78.8,1.8
2018-05-30,15.4,19.1,24.9,0.2,66.0,88.4,0.8
2018-05-31,15.4,20.7,28.0,0.2,42.0,80.7,1.3
2018-06-01,18.0,24.0,30.1,0.2,29.0,60.9,2.3
2018-06-02,15.9,22.1,31.8,0.0,30.0,72.4,1.1
2018-06-03,17.1,20.8,25.7,0.0,70.0,83.3,1.9
2018-06-04,18.1,19.1,21.5,17.4,76.0,88.3,1.4
2018-06-05,16.6,19.5,23.8,1.8,60.0,84.5,1.1
2018-06-06,17.7,21.4,27.1,0.8,48.0,78.2,1.9
2018-06-07,18.7,21.1,26.1,3.6,71.0,89.9,1.1
2018-06-08,19.9,20.9,23.1,1.4,75.0,85.8,2.0
2018-06-09,18.6,20.4,23.3,0.6,60.0,82.1,0.8
2018-06-10,15.7,21.4,28.7,0.0,54.0,81.1,1.5
2018-06-11,16.2,20.7,28.0,0.0,60.0,85.4,0.9
2018-06-12,16.5,22.4,31.9,0.0,36.0,80.6,0.9
2018-06-13,18.4,22.4,28.3,0.2,62.0,83.4,1.2
2018-06-14,20.6,20.9,23.2,1.0,86.0,91.3,1.6
2018-06-15,17.7,18.9,20.9,20.6,78.0,91.5,0.8
2018-06-16,18.0,19.8,22.0,1.2,77.0,91.3,1.2
2018-06-17,18.9,20.7,23.3,18.4,71.0,88.1,1.3
2018-06-18,18.7,20.2,23.3,1.2,62.0,83.9,1.8
2018-06-19,15.4,19.3,24.6,0.4,56.0,83.6,1.4
2018-06-20,14.4,19.2,25.5,0.0,58.0,83.9,1.0
2018-06-21,13.9,19.2,26.9,0.0,55.0,84.8,0.9
2018-06-22,15.3,21.1,30.8,0.0,37.0,80.4,1.0
2018-06-23,16.1,20.8,25.8,0.2,66.0,86.6,1.1
2018-06-24,17.5,22.2,32.2,0.0,31.0,78.5,1.1
2018-06-25,15.7,20.2,26.0,0.0,69.0,87.0,1.2
2018-06-26,15.3,23.1,31.6,0.0,32.0,67.4,2.4
2018-06-27,15.4,20.2,26.4,0.0,64.0,84.8,1.4
2018-06-28,15.5,21.6,29.0,0.0,37.0,76.8,1.9
2018-06-29,16.8,22.1,27.2,0.0,48.0,73.8,3.0
2018-06-30,17.3,22.5,28.6,0.0,49.0,76.3,2.3
2018-07-01,15.6,20.5,26.5,0.0,63.0,85.8,1.0
2018-07-02,15.6,20.9,28.6,0.0,55.0,85.5,0.9
2018-07-03,16.3,22.3,31.6,0.0,32.0,76.4,1.7
2018-07-04,19.9,21.6,25.0,8.2,69.0,87.1,1.4
2018-07-05,16.2,21.0,26.7,0.6,59.0,85.0,1.0
2018-07-06,15.6,20.8,27.8,0.2,59.0,86.3,0.9
2018-07-07,15.6,20.9,27.3,0.2,59.0,84.2,1.1
2018-07-08,15.0,20.9,30.8,0.0,28.0,72.3,1.1
2018-07-09,15.9,21.8,27.1,0.0,44.0,73.5,1.6
2018-07-10,19.0,19.3,22.2,0.6,81.0,89.3,2.2
2018-07-11,16.4,18.4,21.4,5.8,59.0,71.2,2.2
2018-07-12,14.4,17.9,21.8,0.0,56.0,78.3,1.3
2018-07-13,13.0,18.4,24.9,0.0,55.0,82.0,1.2
2018-07-14,14.7,19.1,25.3,0.0,67.0,87.8,1.1
2018-07-15,14.6,20.5,30.2,0.0,38.0,79.7,1.0
2018-07-16,15.6,21.7,32.9,0.0,24.0,68.5,1.3
2018-07-17,13.6,19.5,27.4,0.0,50.0,83.0,1.0
2018-07-18,16.5,22.6,29.6,0.0,43.0,74.0,1.8
2018-07-19,14.9,21.5,30.2,0.0,38.0,76.5,1.2
2018-07-20,14.5,21.7,30.0,0.0,42.0,75.2,1.5
2018-07-21,14.1,21.4,29.2,0.0,40.0,73.9,1.5
2018-07-22,20.8,22.5,26.3,0.0,65.0,80.2,1.7
2018-07-23,16.0,20.8,26.2,0.0,63.0,85.2,1.2
2018-07-24,16.2,21.8,28.1,0.0,42.0,77.6,1.6
2018-07-25,16.6,21.2,26.9,0.0,45.0,82.2,1.1
2018-07-26,16.0,21.4,27.9,0.0,41.0,75.0,1.9
2018-07-27,15.2,21.6,28.2,0.0,40.0,72.8,2.0
2018-07-28,14.1,21.3,30.1,0.0,34.0,74.2,1.4
2018-07-29,15.0,21.6,31.6,0.0,29.0,75.3,1.2
2018-07-30,15.6,21.5,29.7,0.0,40.0,75.5,2.1
2018-07-31,18.4,20.9,24.4,0.0,69.0,86.0,1.3
2018-08-01,16.8,19.8,23.6,2.4,67.0,83.6,1.5
2018-08-02,17.8,18.4,20.5,77.2,85.0,92.3,1.5
2018-08-03,17.6,20.7,24.2,12.4,62.0,75.1,3.1
2018-08-04,19.7,21.3,24.5,15.4,71.0,84.3,2.0
2018-08-05,16.5,21.0,26.7,0.0,52.0,79.7,1.4
2018-08-06,19.6,19.6,21.2,0.0,78.0,88.3,1.1
2018-08-07,17.2,18.6,21.5,30.8,71.0,89.7,0.9
2018-08-08,15.4,19.7,23.3,1.6,70.0,86.3,1.6
2018-08-09,15.7,20.6,27.4,0.0,54.0,84.8,1.1
2018-08-10,19.2,21.5,29.4,0.0,44.0,75.0,2.2
2018-08-11,14.7,19.4,24.7,0.0,39.0,73.0,1.7
2018-08-12,14.4,18.9,24.1,0.0,53.0,73.6,2.3
2018-08-13,17.7,20.1,23.2,0.0,62.0,74.1,2.9
2018-08-14,14.5,19.5,23.6,0.0,62.0,80.7,1.3
2018-08-15,14.3,19.3,24.8,0.0,56.0,81.4,1.4
2018-08-16,18.1,19.5,22.5,0.0,71.0,87.2,0.9
2018-08-17,17.8,19.3,22.3,6.2,73.0,88.9,0.8
2018-08-18,17.5,19.0,23.0,32.6,59.0,86.6,1.1
2018-08-19,13.1,19.1,26.3,0.8,44.0,78.4,1.6
2018-08-20,14.1,21.1,29.7,0.0,34.0,76.0,1.7
2018-08-21,14.9,21.6,28.2,0.0,50.0,78.3,1.5
2018-08-22,18.1,22.3,26.6,0.0,64.0,82.0,1.3
2018-08-23,17.2,22.7,31.1,0.0,33.0,77.5,1.3
2018-08-24,16.6,23.4,31.9,0.0,36.0,72.0,1.8
2018-08-25,19.6,23.0,27.0,0.0,50.0,74.5,2.6
2018-08-26,19.7,19.4,22.3,0.0,79.0,89.2,1.8
2018-08-27,16.7,17.3,18.5,18.6,84.0,92.4,0.9
2018-08-28,16.8,19.2,22.0,6.8,66.0,81.3,1.9
2018-08-29,15.8,21.5,27.2,0.0,51.0,69.8,2.8
2018-08-30,19.5,23.6,30.0,0.0,41.0,68.7,2.7
2018-08-31,16.5,24.0,32.5,0.0,31.0,66.2,1.9
2018-09-01,17.4,23.3,29.9,0.0,35.0,68.5,1.4
2018-09-02,18.2,23.7,31.4,0.0,44.0,78.7,1.6
2018-09-03,20.8,22.5,25.3,0.0,71.0,84.5,1.6
2018-09-04,19.6,20.9,24.0,19.0,48.0,78.7,2.5
2018-09-05,17.2,19.6,23.0,2.4,57.0,73.7,3.3
2018-09-06,16.1,18.6,22.0,2.4,59.0,81.5,1.2
2018-09-07,14.2,18.9,23.8,0.2,52.0,77.5,1.5
2018-09-08,13.3,19.8,25.7,0.0,40.0,67.0,2.1
2018-09-09,14.0,20.0,26.1,0.0,49.0,73.6,1.7
2018-09-10,17.2,20.0,24.0,0.0,58.0,79.4,1.2
2018-09-11,15.8,19.1,22.8,0.0,62.0,82.2,1.1
2018-09-12,15.3,19.4,22.4,0.6,60.0,80.7,1.8
2018-09-13,18.8,20.6,23.6,0.0,59.0,71.4,3.1
2018-09-14,18.9,22.7,28.8,0.0,47.0,69.1,2.3
2018-09-15,19.6,21.7,26.2,30.0,62.0,83.7,1.7
2018-09-16,18.1,21.3,24.9,0.0,62.0,77.2,2.5
2018-09-17,15.8,19.8,24.0,0.0,63.0,85.4,1.7
2018-09-18,19.7,24.1,32.4,4.8,41.0,78.6,1.2
2018-09-19,20.2,25.0,31.9,0.0,46.0,74.7,1.3
2018-09-20,19.7,23.9,30.3,0.0,54.0,81.3,1.1
2018-09-21,22.0,23.6,27.4,0.4,61.0,85.0,1.3
2018-09-22,17.8,22.3,27.9,0.2,63.0,82.0,1.3
2018-09-23,20.4,23.9,29.8,0.0,52.0,71.9,2.3
2018-09-24,17.1,23.2,29.3,0.0,62.0,82.4,1.5
2018-09-25,22.3,23.8,27.6,0.0,64.0,81.2,1.5
2018-09-26,19.7,25.8,32.9,0.0,44.0,71.3,2.4
2018-09-27,20.0,25.0,31.7,0.0,50.0,78.0,1.9
2018-09-28,20.5,22.7,26.9,12.2,67.0,88.4,1.1
2018-09-29,21.6,22.8,25.0,9.4,75.0,88.1,1.1
2018-09-30,22.0,24.7,29.7,1.4,60.0,76.5,3.7
2018-10-01,23.0,25.8,31.2,0.0,54.0,77.7,2.0
2018-10-02,21.3,25.9,32.2,0.0,45.0,74.7,1.5
2018-10-03,18.6,25.4,33.5,0.0,53.0,77.9,1.6
2018-10-04,22.2,24.6,27.2,0.0,69.0,80.0,2.1
2018-10-05,20.9,21.1,24.0,19.4,76.0,89.6,1.4
2018-10-06,18.0,19.3,22.1,8.4,67.0,87.0,1.1
2018-10-07,17.6,20.8,24.9,13.0,69.0,83.7,2.9
2018-10-08,21.5,23.7,27.7,0.2,66.0,81.9,1.8
2018-10-09,22.2,24.2,26.3,0.0,68.0,80.2,2.2
2018-10-10,20.0,24.9,31.8,0.0,48.0,77.5,1.2
2018-10-11,22.2,23.0,24.4,28.8,83.0,91.7,1.0
2018-10-12,21.8,23.3,26.8,9.6,75.0,90.3,1.0
2018-10-13,20.4,27.1,35.3,0.2,46.0,76.0,1.7
2018-10-14,23.1,23.9,27.4,2.6,64.0,81.0,2.6
2018-10-15,19.8,21.2,24.7,0.0,64.0,85.3,1.2
2018-10-16,19.2,21.6,23.9,2.4,71.0,83.8,2.5
2018-10-17,21.6,24.0,28.1,0.0,65.0,80.5,4.0
2018-10-18,22.8,25.4,29.4,0.4,65.0,80.5,1.9
2018-10-19,21.8,23.9,27.1,0.4,68.0,84.8,2.9
2018-10-20,19.9,21.4,24.7,1.8,52.0,69.8,2.5
2018-10-21,14.9,19.4,23.2,0.0,53.0,75.5,1.3
2018-10-22,15.7,21.8,28.1,0.0,42.0,68.3,2.2
2018-10-23,16.1,23.0,29.4,0.0,45.0,70.7,1.6
2018-10-24,19.4,22.5,27.1,0.0,66.0,84.8,1.1
2018-10-25,20.8,22.2,25.0,11.2,74.0,88.3,1.8
2018-10-26,20.3,22.6,25.5,2.0,72.0,83.7,2.5
2018-10-27,21.5,26.1,33.6,0.0,44.0,73.8,2.7
2018-10-28,21.8,22.7,25.2,19.0,54.0,70.4,3.7
2018-10-29,18.2,20.4,23.5,0.4,57.0,76.5,1.3
2018-10-30,18.5,23.0,27.5,0.0,53.0,69.8,2.4
2018-10-31,20.8,25.0,31.5,0.0,52.0,74.6,2.8
2018-11-01,21.2,25.1,31.0,0.0,57.0,77.0,1.9
2018-11-02,21.2,23.0,25.6,0.2,69.0,82.6,1.2
2018-11-03,21.7,26.4,33.4,0.2,46.0,73.8,2.1
2018-11-04,21.6,23.6,27.7,32.8,67.0,83.9,2.7
2018-11-05,19.3,21.0,22.9,4.2,65.0,82.1,1.5
2018-11-06,19.0,21.8,26.4,0.6,63.0,80.2,2.7
2018-11-07,22.3,23.7,29.0,0.0,65.0,83.6,2.5
2018-11-08,20.4,21.3,22.9,81.2,87.0,91.9,2.0
2018-11-09,19.7,20.6,21.4,15.0,78.0,89.9,2.1
2018-11-10,20.4,23.5,28.3,14.0,63.0,78.7,3.2
2018-11-11,21.2,25.4,31.2,0.0,50.0,71.8,2.5
2018-11-12,20.2,25.8,31.5,0.0,49.0,72.3,3.0
2018-11-13,22.9,26.3,31.7,0.2,52.0,72.1,4.0
2018-11-14,23.4,28.0,35.9,0.0,37.0,68.8,3.1
2018-11-15,22.4,26.8,34.1,0.0,45.0,75.3,1.7
2018-11-16,23.7,24.6,27.4,0.0,73.0,82.0,1.9
2018-11-17,20.5,23.8,27.5,0.0,54.0,75.8,1.5
2018-11-18,22.4,27.9,35.2,0.0,34.0,62.5,2.5
2018-11-19,24.4,24.2,31.9,0.0,37.0,78.3,3.3
2018-11-20,17.8,19.2,22.2,46.4,68.0,90.3,1.2
2018-11-21,18.1,21.3,24.7,16.0,75.0,88.2,1.0
2018-11-22,18.4,24.1,30.9,0.0,57.0,78.4,2.8
2018-11-23,22.6,27.8,33.6,1.2,36.0,59.8,3.1
2018-11-24,23.8,26.8,29.5,0.0,49.0,66.3,3.1
2018-11-25,22.1,26.3,32.1,0.0,46.0,70.5,1.6
2018-11-26,20.8,23.3,29.6,0.0,64.0,84.5,1.7
2018-11-27,18.9,23.0,28.2,7.6,61.0,83.2,1.8
2018-11-28,20.0,23.8,27.5,0.8,65.0,82.0,1.5
2018-11-29,18.0,24.8,30.5,0.0,51.0,73.8,1.7
2018-11-30,21.0,26.9,34.0,0.0,37.0,72.4,1.2
2018-12-01,22.7,25.9,30.5,0.2,47.0,74.8,2.1
2018-12-02,22.0,25.0,28.9,0.0,61.0,77.2,2.2
2018-12-03,21.4,23.4,28.4,0.0,49.0,80.0,1.5
2018-12-04,20.2,24.0,29.4,2.2,57.0,78.8,2.4
2018-12-05,20.2,26.9,34.9,0.0,39.0,69.6,2.3
2018-12-06,22.6,25.0,28.9,0.0,53.0,76.0,1.6
2018-12-07,20.7,21.9,25.5,13.8,64.0,85.4,1.0
2018-12-08,17.9,19.5,23.8,29.8,60.0,87.1,1.4
2018-12-09,13.8,20.5,25.9,2.6,43.0,72.4,2.2
2018-12-10,17.6,24.9,31.3,0.2,39.0,62.0,2.6
2018-12-11,17.9,25.3,31.5,0.0,41.0,71.7,1.5
2018-12-12,19.9,26.6,33.1,0.0,43.0,73.8,1.3
2018-12-13,18.9,26.4,35.5,0.0,23.0,68.6,1.2
2018-12-14,19.3,26.9,36.2,0.0,19.0,61.3,1.3
2018-12-15,21.7,27.6,35.2,0.0,45.0,72.5,1.6
2018-12-16,24.0,28.2,33.9,0.0,47.0,68.0,2.5
2018-12-17,23.9,28.9,35.5,0.0,39.0,62.5,3.0
2018-12-18,21.1,28.1,34.4,0.0,43.0,65.8,1.4
2018-12-19,22.2,26.2,32.1,0.0,60.0,79.2,1.5
2018-12-20,21.3,26.6,31.8,0.0,56.0,77.2,1.4
2018-12-21,23.3,26.7,35.3,0.0,53.0,80.6,1.5
2018-12-22,21.7,26.9,32.3,11.4,56.0,78.3,1.4
2018-12-23,22.1,27.3,34.0,0.0,50.0,74.1,1.6
2018-12-24,22.9,25.4,31.4,0.0,56.0,83.1,1.4
2018-12-25,21.1,24.0,27.4,8.0,67.0,83.7,1.1
2018-12-26,20.8,23.1,26.5,0.2,67.0,85.8,0.9
2018-12-27,21.0,24.1,28.1,1.0,59.0,78.0,1.7
2018-12-28,21.7,25.3,29.7,0.0,61.0,78.4,1.5
2018-12-29,21.3,25.8,30.0,0.0,62.0,80.0,1.4
2018-12-30,20.5,25.7,31.0,0.0,54.0,78.8,1.6
2018-12-31,20.9,25.7,31.1,0.0,59.0,80.5,1.6
2019-01-01,21.9,26.8,32.1,0.0,57.0,77.7,1.6
2019-01-02,22.3,27.5,33.1,0.0,50.0,75.7,1.6
2019-01-03,23.1,29.6,36.9,2.6,35.0,68.3,1.9
2019-01-04,24.8,30.2,37.5,0.0,33.0,60.3,1.4
2019-01-05,22.7,27.0,30.9,0.0,52.0,73.0,1.3
2019-01-06,21.3,26.6,32.2,3.4,57.0,77.9,1.4
2019-01-07,20.8,28.9,37.9,0.0,33.0,66.9,2.0
2019-01-08,21.9,29.7,36.6,0.0,41.0,64.4,1.8
2019-01-09,23.4,28.4,35.8,0.0,31.0,61.5,3.6
2019-01-10,24.5,28.5,35.3,0.0,32.0,59.1,4.1
2019-01-11,21.6,28.9,35.0,0.0,36.0,61.5,2.7
2019-01-12,21.0,26.7,32.7,0.0,51.0,72.9,1.8
2019-01-13,23.5,27.9,33.6,0.0,41.0,63.9,2.7
2019-01-14,24.4,28.7,35.0,0.0,35.0,63.2,3.1
2019-01-15,21.9,29.1,35.9,0.0,36.0,61.5,2.0
2019-01-16,23.1,28.6,35.5,0.0,43.0,69.5,1.3
2019-01-17,21.6,28.5,35.1,0.0,39.0,64.3,1.4
2019-01-18,23.4,28.0,36.0,0.0,37.0,73.1,1.5
2019-01-19,22.4,28.7,36.6,0.0,42.0,70.3,1.4
2019-01-20,24.1,28.5,34.0,0.0,54.0,73.0,1.5
2019-01-21,22.6,29.4,37.4,0.0,37.0,67.1,1.5
2019-01-22,23.0,28.8,34.7,0.0,44.0,70.7,1.5
2019-01-23,23.7,28.3,33.3,0.0,40.0,70.3,1.5
2019-01-24,21.9,28.8,36.1,0.0,39.0,65.0,1.7
2019-01-25,22.3,24.8,31.6,0.0,55.0,79.8,1.5
2019-01-26,20.1,25.7,32.8,23.4,52.0,75.7,2.4
2019-01-27,23.1,29.0,35.3,4.2,36.0,64.4,3.2
2019-01-28,24.7,29.7,35.5,0.0,40.0,59.2,2.8
2019-01-29,22.6,29.5,36.3,0.0,39.0,63.7,1.7
2019-01-30,22.4,29.2,35.8,0.0,33.0,64.1,1.4
2019-01-31,21.1,27.6,34.0,0.0,40.0,68.5,1.2
2019-02-01,20.9,28.1,35.9,0.0,35.0,67.1,1.5
2019-02-02,22.3,29.0,35.1,0.0,36.0,63.1,1.6
2019-02-03,23.0,28.0,34.6,0.0,30.0,68.5,2.3
2019-02-04,24.1,25.2,28.0,2.8,74.0,86.0,1.2
2019-02-05,22.1,23.8,26.8,20.8,65.0,82.8,1.5
2019-02-06,20.7,23.9,27.7,1.0,60.0,82.0,1.5
2019-02-07,21.3,23.3,26.8,15.4,72.0,85.9,1.2
2019-02-08,19.9,24.4,29.2,1.6,61.0,81.7,1.3
2019-02-09,19.6,25.0,30.0,0.0,62.0,80.6,1.7
2019-02-10,22.6,28.8,35.8,0.0,35.0,65.8,2.4
2019-02-11,22.6,30.0,36.9,0.0,32.0,61.2,2.4
2019-02-12,22.9,28.2,34.7,0.0,47.0,72.4,1.3
2019-02-13,23.9,24.9,28.3,27.0,64.0,81.6,1.4
2019-02-14,20.0,23.9,28.5,3.2,52.0,75.3,1.3
2019-02-15,19.1,23.2,28.4,0.0,56.0,80.8,1.5
2019-02-16,23.2,25.3,29.3,3.4,70.0,81.9,1.6
2019-02-17,22.5,26.1,33.6,1.4,43.0,80.6,1.4
2019-02-18,22.8,25.2,30.2,19.4,70.0,88.1,1.1
2019-02-19,22.8,25.9,30.7,11.6,60.0,83.3,1.5
2019-02-20,21.9,26.9,32.6,1.6,46.0,78.5,1.5
2019-02-21,23.9,26.3,31.1,0.2,63.0,83.3,1.0
2019-02-22,21.4,26.9,32.1,0.0,56.0,79.2,1.4
2019-02-23,22.8,27.8,33.8,5.8,53.0,80.6,1.4
2019-02-24,23.2,29.3,36.5,0.2,47.0,72.6,1.1
2019-02-25,24.5,28.5,35.0,0.0,53.0,74.3,1.8
2019-02-26,21.5,25.5,32.0,20.2,45.0,81.1,1.5
2019-02-27,22.5,25.9,31.5,11.0,60.0,83.6,1.3
2019-02-28,22.5,26.3,32.4,2.4,53.0,81.5,1.3
2019-03-01,22.8,26.2,31.0,4.2,68.0,83.2,1.4
2019-03-02,22.4,25.3,28.9,22.4,69.0,86.3,1.2
2019-03-03,22.6,26.0,32.3,0.0,54.0,81.2,1.3
2019-03-04,22.3,25.4,32.6,7.6,51.0,82.0,1.9
2019-03-05,22.1,26.8,32.6,6.6,48.0,78.1,1.7
2019-03-06,23.6,27.7,34.0,0.0,48.0,74.8,2.2
2019-03-07,25.9,29.2,34.7,0.4,45.0,66.6,2.9
2019-03-08,22.7,29.4,35.0,0.0,46.0,66.7,2.0
2019-03-09,22.2,27.8,34.5,0.0,54.0,78.0,1.3
2019-03-10,22.1,26.7,33.2,0.0,54.0,80.1,2.0
2019-03-11,24.0,26.6,30.8,0.4,61.0,80.0,1.7
2019-03-12,23.0,26.4,32.0,0.0,58.0,80.5,1.3
2019-03-13,22.8,27.8,34.3,0.0,46.0,74.2,1.5
2019-03-14,22.8,27.1,33.6,0.2,59.0,80.2,1.2
2019-03-15,23.3,26.6,31.8,0.0,61.0,83.2,1.3
2019-03-16,23.6,25.9,30.6,2.8,65.0,87.8,1.1
2019-03-17,23.0,26.6,31.5,36.2,65.0,82.6,1.5
2019-03-18,24.0,28.3,33.0,0.0,57.0,75.3,1.6
2019-03-19,23.3,27.8,34.0,0.0,53.0,80.1,1.4
2019-03-20,23.9,26.1,29.7,12.4,61.0,82.8,1.6
2019-03-21,22.8,24.0,27.1,3.6,68.0,86.9,1.4
2019-03-22,21.0,22.6,26.1,16.2,62.0,87.0,1.4
2019-03-23,20.3,23.6,28.3,3.8,60.0,82.8,1.1
2019-03-24,20.5,25.4,30.7,2.0,54.0,74.3,1.6
2019-03-25,20.9,25.9,31.7,0.2,44.0,73.4,1.7
2019-03-26,20.5,25.0,30.9,0.0,57.0,80.5,1.5
2019-03-27,19.5,24.8,30.3,0.0,46.0,77.7,1.6
2019-03-28,21.7,24.4,30.0,7.4,55.0,83.5,1.6
2019-03-29,20.9,23.6,28.1,52.4,59.0,81.6,1.4
2019-03-30,19.0,22.7,28.5,2.4,56.0,84.9,1.4
2019-03-31,17.9,22.6,28.5,1.4,46.0,78.8,1.4
2019-04-01,18.6,23.0,28.7,0.2,50.0,77.3,1.3
2019-04-02,17.9,22.8,29.0,0.0,52.0,80.1,1.3
2019-04-03,19.6,24.3,31.3,0.0,51.0,79.2,1.4
2019-04-04,19.4,25.5,33.1,0.0,43.0,78.1,1.8
2019-04-05,21.8,28.4,36.4,0.0,40.0,72.4,1.9
2019-04-06,22.9,27.6,33.6,0.0,53.0,79.4,1.1
2019-04-07,23.3,26.8,32.7,0.0,63.0,83.9,1.0
2019-04-08,22.8,25.7,32.2,0.0,63.0,86.2,1.4
2019-04-09,21.9,23.2,25.2,44.0,80.0,91.7,1.3
2019-04-10,22.0,23.5,28.2,166.2,64.0,88.4,1.4
2019-04-11,20.2,23.9,29.1,11.2,57.0,83.5,1.2
2019-04-12,19.5,23.7,30.0,0.0,56.0,84.2,1.2
2019-04-13,21.7,26.4,31.4,0.0,55.0,74.5,2.0
2019-04-14,24.1,25.2,29.8,0.0,62.0,81.3,2.0
2019-04-15,22.9,25.1,29.3,72.0,50.0,77.3,1.7
2019-04-16,20.5,25.8,31.0,0.2,48.0,71.7,2.4
2019-04-17,21.7,25.2,29.0,0.2,59.0,77.0,2.1
2019-04-18,20.0,24.5,28.2,0.0,53.0,73.5,2.4
2019-04-19,20.6,24.7,29.1,0.0,57.0,73.8,1.9
2019-04-20,17.9,22.8,29.7,0.0,53.0,80.3,1.2
2019-04-21,16.9,23.5,32.7,0.0,34.0,73.0,1.1
2019-04-22,19.4,24.7,31.2,0.0,56.0,80.0,1.2
2019-04-23,21.7,25.2,30.3,0.0,65.0,84.9,1.0
2019-04-24,21.2,25.7,32.4,0.0,46.0,80.5,1.3
2019-04-25,20.9,25.8,31.9,0.0,51.0,77.5,1.5
2019-04-26,19.3,24.6,30.2,0.0,51.0,79.1,1.5
2019-04-27,21.5,26.5,33.4,0.0,46.0,74.3,1.6
2019-04-28,20.2,27.3,35.5,0.0,33.0,68.5,1.6
2019-04-29,20.8,24.4,28.5,4.0,56.0,75.1,2.3
2019-04-30,20.3,23.1,28.0,14.0,62.0,86.2,1.1
2019-05-01,19.2,24.5,30.5,0.0,50.0,77.9,1.4
2019-05-02,19.6,23.9,28.3,0.2,71.0,85.7,0.9
2019-05-03,20.8,25.5,31.9,0.0,58.0,83.3,1.3
2019-05-04,21.7,26.6,32.2,0.0,53.0,78.5,1.7
2019-05-05,21.7,25.9,30.8,0.0,51.0,74.0,2.3
2019-05-06,22.7,26.0,32.9,0.0,45.0,71.3,2.0
2019-05-07,21.8,24.9,29.3,2.2,66.0,83.7,1.7
2019-05-08,21.0,22.8,26.8,5.6,48.0,78.1,1.3
2019-05-09,19.4,22.4,28.5,0.0,45.0,79.1,1.3
2019-05-10,17.6,23.2,29.6,0.0,50.0,77.2,1.7
2019-05-11,18.5,24.3,31.4,0.0,47.0,76.6,1.4
2019-05-12,19.0,24.1,31.6,0.0,47.0,80.1,1.0
2019-05-13,20.2,24.1,29.9,0.0,64.0,84.4,1.3
2019-05-14,20.1,24.4,29.2,0.2,60.0,83.7,1.2
2019-05-15,20.0,22.7,25.5,54.2,68.0,86.0,1.7
2019-05-16,19.5,22.3,26.7,2.0,64.0,85.6,1.0
2019-05-17,20.2,20.8,22.2,32.4,87.0,92.1,1.3
2019-05-18,20.0,21.2,23.7,43.8,76.0,88.9,2.2
2019-05-19,17.3,22.4,28.4,16.8,58.0,81.0,2.1
2019-05-20,17.8,22.0,27.8,0.0,58.0,84.1,1.1
2019-05-21,17.5,21.7,28.0,0.0,61.0,86.0,1.1
2019-05-22,17.2,21.9,29.0,0.0,58.0,85.9,0.8
2019-05-23,16.9,22.1,29.6,0.2,55.0,85.0,1.0
2019-05-24,17.6,22.3,28.1,0.2,66.0,87.5,0.9
2019-05-25,22.3,23.6,26.1,0.0,54.0,71.4,2.8
2019-05-26,21.0,22.2,25.4,0.0,60.0,71.8,1.9
2019-05-27,15.6,20.8,27.2,0.0,58.0,84.8,1.2
2019-05-28,15.8,21.8,32.2,0.0,41.0,81.0,1.2
2019-05-29,16.5,22.1,28.6,0.2,51.0,74.3,1.1
2019-05-30,18.4,23.3,29.9,0.0,54.0,78.8,1.7
2019-05-31,19.8,24.7,32.1,0.0,40.0,78.9,1.4
2019-06-01,21.0,24.1,28.6,0.0,69.0,85.6,1.1
2019-06-02,20.1,22.2,25.7,1.0,78.0,90.2,1.3
2019-06-03,17.8,21.7,29.6,8.2,56.0,86.0,1.8
2019-06-04,18.7,20.3,22.3,25.8,56.0,78.6,2.2
2019-06-05,17.1,19.5,24.0,12.6,60.0,82.7,1.5
2019-06-06,17.2,19.9,25.3,3.6,50.0,81.0,1.3
2019-06-07,14.8,19.4,26.6,0.0,48.0,79.7,1.7
2019-06-08,14.5,19.7,28.3,0.2,36.0,83.6,1.0
2019-06-09,15.7,20.1,26.7,0.0,58.0,84.7,1.1
2019-06-10,17.9,21.3,26.0,3.8,62.0,83.3,1.4
2019-06-11,20.7,24.3,29.7,0.2,47.0,67.8,2.7
2019-06-12,21.3,24.6,29.7,0.0,50.0,70.8,2.7
2019-06-13,17.6,23.5,30.6,0.0,45.0,79.1,1.3
2019-06-14,17.7,22.8,30.4,0.0,49.0,83.3,1.0
2019-06-15,18.8,24.0,30.4,0.0,43.0,73.5,1.8
2019-06-16,17.2,22.4,28.9,0.0,52.0,79.3,1.2
2019-06-17,17.4,21.1,28.0,0.0,51.0,84.6,1.1
2019-06-18,15.2,20.8,28.0,0.2,39.0,77.0,1.3
2019-06-19,14.7,20.3,28.8,0.0,38.0,81.9,0.9
2019-06-20,15.8,22.0,29.0,0.0,50.0,77.7,1.4
2019-06-21,20.0,22.0,25.9,2.4,50.0,76.8,1.2
2019-06-22,16.3,20.8,26.9,0.0,48.0,78.2,1.5
2019-06-23,15.0,21.5,28.4,0.0,45.0,75.6,1.3
2019-06-24,15.6,20.7,29.1,0.0,50.0,80.3,1.0
2019-06-25,16.2,21.6,30.7,0.2,42.0,80.9,0.9
2019-06-26,18.0,24.2,33.4,0.0,31.0,68.2,1.7
2019-06-27,18.0,22.9,28.4,0.0,65.0,81.8,1.4
2019-06-28,19.1,23.9,29.3,0.0,57.0,80.0,1.3
2019-06-29,21.2,24.5,30.4,0.0,44.0,64.8,2.5
2019-06-30,16.6,22.9,32.2,0.0,28.0,72.3,1.3
2019-07-01,16.6,22.8,32.1,0.0,27.0,70.5,1.4
2019-07-02,16.9,21.9,27.1,0.0,66.0,83.3,1.2
2019-07-03,18.2,24.4,33.1,0.0,26.0,61.4,2.0
2019-07-04,20.5,24.1,30.8,0.0,30.0,74.8,2.2
2019-07-05,20.6,20.8,24.2,29.6,71.0,88.3,1.9
2019-07-06,16.7,17.8,20.2,18.0,51.0,72.3,2.6
2019-07-07,13.3,17.1,21.7,0.0,49.0,66.3,2.1
2019-07-08,14.3,17.4,23.3,2.2,47.0,78.8,1.4
2019-07-09,11.6,17.0,25.3,0.2,35.0,75.8,1.5
2019-07-10,11.8,18.2,25.3,0.0,40.0,74.0,1.6
2019-07-11,11.6,18.0,26.1,0.0,43.0,77.3,1.2
2019-07-12,11.2,17.8,27.7,0.0,31.0,75.3,1.1
2019-07-13,12.1,18.3,27.4,0.0,48.0,81.1,1.0
2019-07-14,13.8,19.6,28.9,0.0,48.0,81.9,1.0
2019-07-15,14.7,20.2,26.3,0.0,56.0,80.3,1.4
2019-07-16,17.8,20.0,25.9,0.0,53.0,80.8,2.1
2019-07-17,15.3,17.7,22.2,4.0,49.0,75.7,1.8
2019-07-18,13.9,17.8,21.7,5.2,58.0,81.0,1.5
2019-07-19,12.5,17.9,23.9,0.8,52.0,77.9,2.4
2019-07-20,16.3,20.5,25.4,0.0,50.0,67.4,3.3
2019-07-21,16.2,21.1,26.5,0.0,50.0,72.1,3.2
2019-07-22,17.7,22.4,28.5,0.0,41.0,69.9,2.7
2019-07-23,15.8,23.2,29.7,0.0,37.0,66.7,2.5
2019-07-24,14.1,20.8,29.2,0.0,36.0,76.4,1.4
2019-07-25,14.1,19.8,28.0,0.0,48.0,83.0,1.0
2019-07-26,14.9,21.2,29.2,0.0,34.0,72.5,2.0
2019-07-27,14.1,21.6,30.3,0.0,31.0,70.8,1.7
2019-07-28,14.7,19.6,26.0,0.2,57.0,82.8,1.5
2019-07-29,14.4,19.8,25.8,0.0,44.0,81.7,1.6
2019-07-30,18.8,22.2,28.4,0.0,40.0,67.1,2.1
2019-07-31,15.7,21.2,27.2,0.0,48.0,75.4,1.7
2019-08-01,14.2,20.9,28.9,0.0,36.0,75.1,2.4
2019-08-02,15.1,23.9,35.2,0.0,23.0,66.1,1.6
2019-08-03,19.7,19.8,24.9,4.6,64.0,89.2,2.1
2019-08-04,16.2,16.6,18.0,37.6,76.0,90.2,1.5
2019-08-05,14.9,17.5,21.6,7.8,66.0,83.2,1.3
2019-08-06,16.7,20.2,24.7,0.0,57.0,74.1,2.8
2019-08-07,18.9,21.4,26.1,0.0,61.0,78.0,2.7
2019-08-08,14.4,20.7,29.2,0.0,46.0,81.0,1.0
2019-08-09,14.9,21.2,29.0,0.2,49.0,80.8,1.7
2019-08-10,16.4,23.8,32.9,0.0,32.0,72.8,1.7
2019-08-11,16.9,22.1,28.9,0.0,53.0,80.1,2.0
2019-08-12,15.8,22.2,30.2,0.0,39.0,77.3,1.6
2019-08-13,14.7,21.8,31.9,0.0,35.0,78.0,2.3
2019-08-14,17.1,17.9,22.3,22.6,79.0,87.8,2.7
2019-08-15,14.7,17.7,21.7,8.8,55.0,77.2,1.8
2019-08-16,11.4,18.7,24.8,0.4,36.0,60.8,2.4
2019-08-17,12.3,20.6,27.5,0.0,30.0,58.1,2.4
2019-08-18,13.5,22.9,32.8,0.0,23.0,56.1,1.9
2019-08-19,16.7,21.1,25.7,0.0,61.0,79.6,1.8
2019-08-20,19.5,20.4,22.2,10.0,85.0,91.6,1.0
2019-08-21,17.1,19.0,22.2,39.0,62.0,84.1,1.2
2019-08-22,16.2,18.0,23.3,0.0,57.0,87.4,1.2
2019-08-23,15.2,18.1,21.1,11.8,61.0,79.5,1.9
2019-08-24,13.4,18.8,24.5,0.0,56.0,80.5,1.4
2019-08-25,16.4,18.5,21.6,6.8,68.0,86.8,1.1
2019-08-26,16.6,19.2,22.8,7.4,59.0,79.6,2.0
2019-08-27,18.1,20.9,26.4,0.0,48.0,69.9,2.8
2019-08-28,15.3,20.1,24.2,0.0,49.0,73.1,2.3
2019-08-29,16.8,20.9,25.0,0.0,56.0,73.5,2.9
2019-08-30,16.7,22.6,29.9,0.0,33.0,66.5,2.2
2019-08-31,15.2,23.2,33.4,0.0,28.0,72.8,1.2
2019-09-01,18.9,23.4,29.2,0.0,44.0,73.3,1.9
2019-09-02,19.3,21.3,26.6,56.4,59.0,86.6,1.6
2019-09-03,20.2,22.0,28.7,0.0,60.0,85.5,1.8
2019-09-04,18.7,21.2,26.5,2.0,57.0,88.2,1.7
2019-09-05,19.9,19.3,21.0,9.4,89.0,92.3,1.3
2019-09-06,16.5,18.2,20.9,34.2,75.0,87.3,1.8
2019-09-07,17.9,21.6,27.1,0.0,54.0,72.0,3.5
2019-09-08,19.7,23.6,30.4,0.0,45.0,68.1,2.8
2019-09-09,18.3,24.4,31.4,0.0,46.0,66.5,3.1
2019-09-10,16.2,24.6,33.1,0.0,29.0,67.5,2.3
2019-09-11,16.6,22.7,30.1,0.0,50.0,79.3,1.0
2019-09-12,18.0,25.0,35.1,0.0,43.0,79.1,0.9
2019-09-13,20.7,22.8,25.6,0.0,68.0,81.1,2.9
2019-09-14,20.6,21.5,22.7,4.2,81.0,89.8,1.1
2019-09-15,20.7,23.2,28.4,3.2,60.0,82.4,2.3
2019-09-16,21.8,25.1,31.0,0.0,48.0,73.5,3.4
2019-09-17,17.1,25.3,35.2,0.0,30.0,70.3,1.8
2019-09-18,20.3,25.4,35.2,0.0,42.0,78.1,1.5
2019-09-19,20.0,23.1,25.8,0.0,67.0,82.3,1.5
2019-09-20,19.4,23.8,31.0,0.0,53.0,82.3,1.5
2019-09-21,19.5,22.1,26.1,0.0,76.0,89.3,1.4
2019-09-22,21.5,21.4,22.9,3.6,87.0,92.0,1.3
2019-09-23,17.2,20.0,24.0,25.2,39.0,70.8,2.0
2019-09-24,17.1,19.9,23.8,0.2,51.0,66.0,3.1
2019-09-25,18.0,20.2,22.5,0.0,62.0,73.2,2.2
2019-09-26,18.9,20.0,21.6,17.2,77.0,88.5,1.8
2019-09-27,18.5,21.2,26.0,34.8,64.0,82.7,1.8
2019-09-28,18.0,19.8,23.2,4.4,68.0,87.9,1.1
2019-09-29,18.1,19.3,22.0,7.8,74.0,89.5,1.1
2019-09-30,18.2,20.0,22.5,2.4,68.0,81.9,2.4
2019-10-01,19.0,22.2,27.4,0.2,50.0,69.4,3.8
2019-10-02,18.4,23.1,30.5,0.0,29.0,62.0,3.7
2019-10-03,18.1,24.2,31.0,0.0,33.0,64.5,3.1
2019-10-04,17.6,24.1,31.0,0.0,45.0,70.4,2.7
2019-10-05,22.1,26.2,32.7,0.0,35.0,63.0,3.8
2019-10-06,19.3,23.5,27.5,0.0,61.0,78.8,1.7
2019-10-07,21.5,23.6,27.2,0.0,70.0,83.2,1.4
2019-10-08,21.9,23.4,26.4,0.0,74.0,84.2,1.4
2019-10-09,21.5,21.8,23.7,20.4,81.0,92.1,0.8
2019-10-10,18.8,21.0,23.9,18.8,73.0,88.6,1.1
2019-10-11,21.0,24.8,29.7,1.6,51.0,71.8,2.9
2019-10-12,22.1,26.2,33.0,0.0,38.0,68.4,3.1
2019-10-13,22.3,27.2,34.5,0.0,37.0,65.9,3.5
2019-10-14,18.2,25.1,32.7,0.0,44.0,74.5,2.0
2019-10-15,20.7,24.0,29.0,0.0,57.0,79.1,1.4
2019-10-16,19.4,23.3,27.8,0.0,62.0,83.4,1.3
2019-10-17,20.8,24.7,30.8,0.0,46.0,75.3,2.1
2019-10-18,21.7,24.9,31.2,0.0,45.0,72.6,2.4
2019-10-19,19.6,23.7,28.8,0.0,57.0,80.1,2.1
2019-10-20,21.5,22.0,23.9,0.4,59.0,74.6,2.4
2019-10-21,17.5,20.2,23.3,0.6,60.0,79.8,1.1
2019-10-22,17.8,21.4,25.7,0.2,65.0,79.7,1.4
2019-10-23,20.4,21.8,24.5,12.2,70.0,84.7,1.1
2019-10-24,17.3,22.6,28.2,0.2,55.0,76.7,2.3
2019-10-25,20.0,24.3,29.1,0.0,62.0,78.0,1.9
2019-10-26,21.6,24.2,28.4,2.0,73.0,87.1,1.4
2019-10-27,22.1,26.1,31.7,10.0,59.0,78.3,2.8
2019-10-28,21.7,27.4,32.2,0.0,51.0,70.7,2.8
2019-10-29,21.4,28.0,35.7,0.0,33.0,67.0,2.1
2019-10-30,21.1,26.3,32.4,0.0,41.0,73.0,1.4
2019-10-31,21.5,25.6,31.4,0.0,62.0,80.8,1.4
2019-11-01,21.7,24.8,30.1,0.0,58.0,81.3,1.7
2019-11-02,22.1,24.1,28.6,3.2,60.0,81.8,3.1
2019-11-03,22.0,26.6,33.2,0.8,40.0,68.9,2.4
2019-11-04,20.2,25.2,30.2,0.0,59.0,76.5,1.6
2019-11-05,20.7,27.7,37.0,0.0,39.0,67.5,1.7
2019-11-06,24.2,24.0,27.5,1.8,66.0,83.0,2.2
2019-11-07,20.8,22.4,25.9,3.2,69.0,87.0,1.4
2019-11-08,21.3,23.8,27.4,0.6,69.0,85.7,1.5
2019-11-09,22.6,24.1,27.0,7.6,79.0,89.8,1.2
2019-11-10,21.9,25.1,29.5,1.6,65.0,83.7,1.3
2019-11-11,22.2,23.0,27.5,0.2,70.0,89.3,1.2
2019-11-12,20.5,21.7,23.5,82.4,72.0,84.7,2.2
2019-11-13,19.9,22.4,25.4,3.0,67.0,80.7,3.1
2019-11-14,22.3,23.8,26.4,0.0,75.0,83.5,3.4
2019-11-15,23.4,25.1,30.2,5.6,50.0,70.9,3.5
2019-11-16,20.5,22.7,26.0,0.2,51.0,73.0,2.4
2019-11-17,17.8,21.2,26.0,0.6,58.0,80.4,1.1
2019-11-18,20.1,21.7,23.7,0.0,71.0,84.1,1.3
2019-11-19,20.1,21.3,22.6,3.4,91.0,92.9,2.0
2019-11-20,20.6,22.1,24.2,8.2,82.0,90.2,2.3
2019-11-21,21.9,24.4,28.7,1.4,62.0,77.9,3.4
2019-11-22,22.2,26.4,32.4,0.0,48.0,72.0,2.8
2019-11-23,22.0,26.2,33.6,1.4,40.0,75.0,2.2
2019-11-24,20.6,21.9,24.4,4.2,49.0,73.5,2.3
2019-11-25,17.3,20.9,24.7,0.2,50.0,70.0,1.5
2019-11-26,15.4,21.6,26.6,0.0,49.0,69.7,2.5
2019-11-27,18.5,25.2,33.2,0.0,39.0,62.3,2.5
2019-11-28,20.5,23.0,27.2,0.0,61.0,85.6,1.4
2019-11-29,19.7,21.8,24.1,18.2,69.0,83.5,1.6
2019-11-30,18.1,23.2,27.6,0.2,61.0,79.3,1.4
2019-12-01,21.0,25.0,31.1,0.0,61.0,81.2,1.6
2019-12-02,23.3,23.0,26.7,1.2,64.0,83.3,2.5
2019-12-03,18.9,21.7,26.1,0.4,52.0,77.3,1.0
2019-12-04,19.3,23.7,28.1,0.2,62.0,75.0,2.9
2019-12-05,22.9,27.4,33.4,0.0,42.0,67.5,2.9
2019-12-06,23.1,22.8,27.4,9.2,71.0,89.8,1.4
2019-12-07,18.8,22.2,27.3,3.4,53.0,77.5,1.2
2019-12-08,15.5,22.4,28.9,0.2,42.0,71.1,2.7
2019-12-09,17.2,24.0,30.1,0.0,41.0,69.9,2.6
2019-12-10,22.4,24.3,27.7,0.4,76.0,87.5,1.2
2019-12-11,22.2,23.9,27.4,42.4,72.0,87.9,1.3
2019-12-12,22.4,24.4,28.0,3.4,73.0,87.8,0.8
2019-12-13,22.4,26.1,32.2,9.0,58.0,82.8,1.4
2019-12-14,23.7,25.5,29.0,0.0,69.0,84.4,1.2
2019-12-15,23.3,27.5,33.0,0.0,49.0,69.6,3.2
2019-12-16,24.4,28.9,35.9,0.0,30.0,58.1,3.3
2019-12-17,21.2,26.5,31.5,0.0,51.0,72.0,1.4
2019-12-18,22.0,25.4,30.6,0.0,64.0,81.8,1.5
2019-12-19,21.9,24.5,28.7,0.2,67.0,85.0,1.2
2019-12-20,23.5,,,,68.0,,
2019-12-21,,,,,47.0,66.1,
2019-12-22,23.9,27.9,34.9,0.0,44.0,71.5,1.9
2019-12-23,22.4,24.3,29.7,4.0,62.0,85.4,1.1
2019-12-24,21.9,23.7,26.8,45.2,67.0,87.1,1.0
2019-12-25,19.8,24.3,28.5,2.0,66.0,81.6,1.7
2019-12-26,19.1,25.0,30.3,0.0,62.0,80.7,1.6
2019-12-27,20.8,26.2,32.0,0.0,57.0,75.0,2.3
2019-12-28,22.2,26.5,31.7,0.0,50.0,72.7,2.8
2019-12-29,23.2,26.2,30.9,0.0,52.0,72.9,2.9
2019-12-30,23.1,25.8,30.1,0.0,56.0,75.3,2.9
2019-12-31,21.8,27.5,33.6,0.0,38.0,66.1,2.8
2020-01-01,21.1,28.4,35.7,0.0,34.0,63.6,2.7
2020-01-02,22.2,26.6,32.2,0.0,54.0,76.2,1.3
2020-01-03,21.8,24.7,30.3,1.8,61.0,84.7,1.5
2020-01-04,22.1,25.3,30.4,0.2,61.0,80.4,1.3
2020-01-05,22.0,24.7,28.5,4.6,71.0,85.1,1.0
2020-01-06,22.4,26.6,33.5,0.6,56.0,79.6,1.7
2020-01-07,21.9,27.5,33.3,1.4,51.0,75.2,1.6
2020-01-08,23.2,26.9,33.0,0.2,52.0,76.5,1.4
2020-01-09,22.0,27.0,32.8,1.2,58.0,79.7,1.2
2020-01-10,22.8,27.7,33.3,0.2,54.0,78.6,1.2
2020-01-11,24.2,29.5,35.7,0.0,49.0,74.3,1.6
2020-01-12,24.3,28.0,32.6,1.6,57.0,78.1,2.0
2020-01-13,23.8,25.1,27.4,123.8,76.0,89.0,1.0
2020-01-14,21.6,24.6,28.8,27.0,44.0,78.0,1.3
2020-01-15,18.8,25.4,31.8,0.2,48.0,71.1,2.6
2020-01-16,21.5,27.6,36.2,0.0,45.0,71.2,1.6
2020-01-17,25.3,25.1,28.8,0.0,66.0,84.3,2.3
2020-01-18,21.0,23.2,26.9,22.0,59.0,79.4,1.4
2020-01-19,19.7,23.8,27.7,0.2,51.0,76.7,1.1
2020-01-20,20.7,23.8,28.7,0.0,47.0,77.7,1.4
2020-01-21,20.5,,29.4,,48.0,72.8,1.2
2020-01-22,19.5,24.2,29.1,0.2,60.0,81.1,1.4
2020-01-23,21.2,,26.5,,72.0,86.9,
2020-01-24,,,,,79.0,86.8,
2020-01-25,21.8,24.9,28.1,0.2,56.0,73.1,2.5
2020-01-26,18.7,24.1,29.7,0.2,58.0,76.9,1.5
2020-01-27,21.3,26.6,33.6,0.0,48.0,74.5,2.1
2020-01-28,21.4,26.5,31.3,0.0,58.0,79.8,1.5
2020-01-29,22.1,26.7,32.4,0.0,58.0,78.3,1.5
2020-01-30,23.3,28.0,33.7,0.0,56.0,76.9,1.4
2020-01-31,23.6,28.2,35.7,19.0,44.0,75.0,2.0
2020-02-01,23.1,27.2,32.6,0.0,58.0,77.8,1.5
2020-02-02,23.9,26.2,29.5,0.0,73.0,85.2,1.2
2020-02-03,23.6,26.6,30.8,6.4,68.0,83.3,1.7
2020-02-04,24.0,26.2,30.7,9.2,68.0,84.7,1.5
2020-02-05,24.0,25.7,30.3,0.0,66.0,83.5,1.6
2020-02-06,22.0,26.1,29.1,3.2,68.0,79.8,2.5
2020-02-07,24.5,26.5,30.8,0.0,57.0,76.4,3.3
2020-02-08,22.9,26.9,32.0,0.0,50.0,72.8,2.5
2020-02-09,21.7,28.3,35.7,0.0,35.0,66.4,2.1
2020-02-10,23.9,26.0,31.0,0.0,45.0,79.8,1.4
2020-02-11,21.6,22.5,24.0,82.0,84.0,91.9,1.6
2020-02-12,20.7,22.2,25.6,22.2,74.0,89.7,1.0
2020-02-13,21.2,23.1,25.7,26.4,77.0,87.5,1.1
2020-02-14,21.2,24.6,29.0,0.2,62.0,80.8,1.5
2020-02-15,22.1,25.6,30.6,0.0,66.0,83.8,1.2
2020-02-16,23.2,27.3,32.7,0.0,48.0,79.4,1.8
2020-02-17,22.5,26.4,33.8,0.0,49.0,79.3,1.6
2020-02-18,24.1,29.0,34.8,13.0,46.0,66.3,2.7
2020-02-19,23.6,29.1,36.0,0.0,40.0,65.2,2.5
2020-02-20,22.8,28.3,35.3,0.0,39.0,73.9,1.3
2020-02-21,22.7,26.2,31.9,0.0,60.0,83.0,1.4
2020-02-22,21.9,,27.5,,62.0,85.3,1.7
2020-02-23,20.4,,27.4,,53.0,77.4,1.2
2020-02-24,19.2,23.4,29.5,0.0,50.0,80.3,2.0
2020-02-25,21.6,26.2,33.2,2.0,48.0,78.0,1.3
2020-02-26,24.5,27.8,32.6,0.4,54.0,80.1,1.3
2020-02-27,23.4,24.7,30.8,3.0,55.0,81.0,2.8
2020-02-28,20.4,22.0,24.8,13.2,72.0,89.3,1.0
2020-02-29,20.9,23.3,27.6,6.2,67.0,86.5,1.7
2020-03-01,23.1,23.3,28.2,65.6,71.0,89.2,2.3
2020-03-02,20.4,21.7,23.7,14.6,63.0,88.0,1.0
2020-03-03,20.7,22.6,27.1,29.2,70.0,88.1,1.2
2020-03-04,21.0,23.0,25.9,13.6,67.0,85.4,1.6
2020-03-05,19.1,23.2,27.7,0.2,59.0,79.3,2.0
2020-03-06,19.6,23.3,27.7,0.0,56.0,76.5,2.0
2020-03-07,18.7,23.2,28.7,0.0,49.0,77.0,1.5
2020-03-08,18.6,23.5,28.3,2.8,57.0,80.4,1.7
2020-03-09,19.9,24.7,30.1,0.2,50.0,77.5,1.6
2020-03-10,20.5,25.0,30.1,0.0,46.0,77.8,1.9
2020-03-11,19.9,23.7,28.4,0.0,53.0,78.3,1.7
2020-03-12,18.7,23.6,30.2,0.0,47.0,79.6,1.9
2020-03-13,23.6,26.1,29.9,0.0,60.0,75.9,2.1
2020-03-14,21.9,25.4,29.2,0.0,65.0,84.1,1.4
2020-03-15,23.0,28.0,34.4,3.8,42.0,70.0,2.1
2020-03-16,21.6,27.4,35.8,0.0,36.0,72.2,1.3
2020-03-17,23.2,25.5,29.6,0.0,64.0,80.1,1.7
2020-03-18,20.3,24.9,30.2,0.2,63.0,82.3,1.1
2020-03-19,20.9,27.0,34.6,0.0,44.0,77.1,1.4
2020-03-20,24.2,26.7,32.4,0.0,53.0,80.2,1.4
2020-03-21,21.9,24.3,27.7,29.6,71.0,86.5,1.2
2020-03-22,21.4,23.3,27.8,19.2,61.0,83.8,1.3
2020-03-23,18.7,23.2,28.2,7.2,44.0,76.8,1.3
2020-03-24,17.9,21.9,27.0,0.2,52.0,80.7,1.2
2020-03-25,17.7,22.3,27.8,0.0,46.0,77.2,1.3
2020-03-26,17.2,22.1,27.5,0.0,56.0,80.3,1.2
2020-03-27,18.6,23.6,29.5,0.0,46.0,77.3,1.7
2020-03-28,19.2,23.9,30.6,0.0,49.0,79.4,1.5
2020-03-29,22.7,25.9,30.6,0.0,57.0,73.8,1.5
2020-03-30,22.2,24.3,28.4,3.0,66.0,87.4,1.0
2020-03-31,22.0,24.5,28.2,1.6,67.0,85.0,1.0
2020-04-01,22.4,24.0,26.7,1.2,71.0,85.5,1.3
2020-04-02,22.8,26.0,31.2,0.2,60.0,77.5,2.1
2020-04-03,23.8,28.5,34.2,0.0,38.0,61.9,3.1
2020-04-04,22.8,24.4,28.0,0.0,44.0,62.6,2.8
2020-04-05,20.9,23.6,28.6,0.0,53.0,75.9,1.1
2020-04-06,20.4,24.7,30.9,0.0,53.0,76.5,1.9
2020-04-07,20.6,24.0,29.7,0.0,65.0,83.9,2.2
2020-04-08,20.8,21.9,24.4,33.4,69.0,87.8,1.2
2020-04-09,19.9,21.6,24.6,3.0,60.0,79.3,1.7
2020-04-10,20.0,21.8,26.0,0.0,56.0,79.2,1.1
2020-04-11,19.4,21.5,24.0,0.0,70.0,83.5,0.9
2020-04-12,19.0,21.3,24.7,1.4,67.0,85.3,0.8
2020-04-13,17.5,21.9,26.9,0.0,54.0,77.8,1.4
2020-04-14,17.9,24.4,30.9,0.0,46.0,67.6,2.0
2020-04-15,20.7,25.0,30.9,0.0,41.0,72.0,1.5
2020-04-16,22.3,23.8,26.6,0.0,72.0,84.0,1.1
2020-04-17,20.6,22.1,25.6,0.2,54.0,82.4,1.2
2020-04-18,19.3,21.9,26.6,0.8,58.0,80.0,1.3
2020-04-19,18.1,21.8,26.7,0.2,51.0,79.7,1.2
2020-04-20,17.5,21.6,26.8,0.0,56.0,80.1,1.3
2020-04-21,16.8,21.4,27.6,0.0,47.0,80.4,1.2
2020-04-22,16.8,21.5,27.4,0.0,57.0,82.6,1.3
2020-04-23,17.3,21.9,27.4,0.2,57.0,82.9,1.1
2020-04-24,18.0,21.5,26.7,0.0,50.0,80.7,1.4
2020-04-25,15.7,22.3,29.9,0.0,45.0,77.1,1.9
2020-04-26,21.9,24.5,30.7,0.0,43.0,71.9,1.8
2020-04-27,18.3,22.0,28.3,0.0,49.0,82.4,1.2
2020-04-28,17.9,21.7,27.5,0.0,54.0,81.6,1.2
2020-04-29,17.7,23.2,29.7,0.0,39.0,75.0,1.6
2020-04-30,16.2,22.6,31.9,0.0,31.0,70.8,1.4
2020-05-01,16.7,22.2,29.2,0.0,51.0,77.3,1.6
2020-05-02,18.1,22.6,28.9,0.0,61.0,83.5,1.5
2020-05-03,19.7,,24.3,,60.0,77.9,
2020-05-04,15.6,19.8,25.7,0.6,48.0,80.2,1.0
2020-05-05,15.6,21.7,30.3,0.0,43.0,77.8,1.3
2020-05-06,18.5,23.3,31.2,0.0,45.0,78.6,1.4
2020-05-07,18.1,19.6,24.7,54.6,73.0,87.4,2.1
2020-05-08,16.9,19.5,24.5,14.2,55.0,80.3,1.4
2020-05-09,13.8,18.6,25.0,0.2,51.0,80.8,1.2
2020-05-10,13.0,19.4,27.2,0.0,37.0,75.6,1.4
2020-05-11,14.4,21.1,27.6,0.2,34.0,66.5,1.6
2020-05-12,13.8,20.1,28.7,0.0,34.0,79.0,1.0
2020-05-13,15.0,21.4,30.9,0.2,38.0,79.3,1.1
2020-05-14,18.3,21.9,27.0,0.0,63.0,83.4,1.5
2020-05-15,18.6,19.9,22.2,48.6,84.0,90.5,1.1
2020-05-16,17.1,20.9,25.9,2.6,59.0,82.9,1.3
2020-05-17,16.8,21.0,25.7,0.0,68.0,86.9,1.0
2020-05-18,17.4,21.3,25.5,0.0,72.0,87.5,1.0
2020-05-19,17.4,21.4,26.3,0.0,62.0,84.6,1.3
2020-05-20,16.2,21.4,26.9,0.0,52.0,77.5,1.9
2020-05-21,18.8,23.1,28.4,0.0,45.0,67.3,2.2
2020-05-22,16.6,22.6,30.1,0.0,40.0,73.2,1.4
2020-05-23,17.4,24.5,33.7,0.0,34.0,68.5,1.7
2020-05-24,21.4,22.8,30.1,0.0,45.0,77.8,1.9
2020-05-25,,,,,62.0,79.4,
2020-05-26,14.2,18.2,23.9,0.4,42.0,75.8,1.7
2020-05-27,12.9,18.2,24.0,0.0,37.0,72.8,2.1
2020-05-28,17.5,20.3,24.0,0.0,51.0,66.5,1.9
2020-05-29,13.6,18.5,24.3,0.0,54.0,82.8,1.1
2020-05-30,12.9,19.3,26.3,0.0,51.0,79.0,1.2
2020-05-31,13.2,18.9,28.4,0.0,38.0,77.4,0.9
2020-06-01,14.0,19.4,30.1,0.2,25.0,73.2,1.0
2020-06-02,12.9,18.8,26.5,0.0,47.0,80.4,1.2
2020-06-03,15.9,20.0,25.9,0.0,64.0,86.5,0.9
2020-06-04,17.9,21.2,25.7,0.0,64.0,86.3,1.1
2020-06-05,20.2,21.9,25.0,1.6,68.0,83.0,1.7
2020-06-06,18.3,23.1,28.5,0.0,54.0,74.0,2.0
2020-06-07,19.3,22.3,26.5,0.0,63.0,79.6,1.5
2020-06-08,17.9,21.4,26.9,0.0,67.0,86.5,0.9
2020-06-09,17.7,22.1,29.0,0.0,59.0,85.0,1.2
2020-06-10,20.1,,28.6,,58.0,77.8,
2020-06-11,19.9,23.2,30.0,0.0,53.0,84.5,1.1
2020-06-12,18.1,23.2,31.5,0.0,43.0,81.7,0.8
2020-06-13,17.3,,32.1,,44.0,78.0,1.0
2020-06-14,18.0,,24.8,0.0,77.0,86.8,1.6
2020-06-15,,,,,71.0,,
2020-06-16,,,,,68.0,,
2020-06-17,,,,,48.0,66.3,
2020-06-18,16.0,,27.5,,39.0,69.2,1.6
2020-06-19,14.9,,29.6,,39.0,70.8,
2020-06-20,,,,,44.0,70.1,
2020-06-21,17.4,22.6,30.7,0.0,49.0,80.6,1.0
2020-06-22,15.8,21.8,32.2,0.2,27.0,77.3,0.9
2020-06-23,13.5,19.6,29.1,0.0,31.0,74.9,1.2
2020-06-24,12.1,19.3,28.4,0.0,28.0,68.8,1.3
2020-06-25,13.0,,30.1,0.0,31.0,70.7,1.6
2020-06-26,,,,,56.0,69.3,
2020-06-27,17.0,21.9,29.7,0.0,34.0,79.3,1.6
2020-06-28,16.4,19.9,24.2,3.0,63.0,83.3,1.5
2020-06-29,18.1,19.8,23.7,0.8,61.0,80.0,1.9
2020-06-30,17.1,,26.5,,51.0,61.8,
2020-07-01,19.9,25.4,29.4,0.0,35.0,53.5,3.0
2020-07-02,18.4,20.4,23.1,0.0,57.0,69.9,1.4
2020-07-03,,,,,61.0,,
2020-07-04,,,,,70.0,77.6,
2020-07-05,17.4,,29.2,,41.0,71.2,1.9
2020-07-06,15.4,,31.0,0.0,37.0,73.0,1.1
2020-07-07,,,,,64.0,,
2020-07-08,,,,,23.0,58.4,
2020-07-09,,,,,39.0,,
2020-07-10,,,,,48.0,,
2020-07-11,,,,,42.0,,
2020-07-12,,,,,30.0,,
2020-07-13,,,,,28.0,,
2020-07-14,,,,,80.0,,
2020-07-15,,,,,81.0,,
2020-07-16,,,,,70.0,,
2020-07-17,,,,,51.0,,
2020-07-18,,,,,50.0,,
2020-07-19,,,,,33.0,,
2020-07-20,,,,,33.0,,
2020-07-21,,,,,47.0,,
2020-07-22,,,,,50.0,,
2020-07-23,,,,,35.0,,
2020-07-24,,,,,38.0,,
2020-07-25,,,,,30.0,,
2020-07-26,,,,,58.0,,
2020-07-27,,,,,42.0,,
2020-07-28,,,,,27.0,,
2020-07-29,,,,,69.0,,
2020-07-30,,,,,91.0,,
2020-07-31,,,,,64.0,,
2020-08-01,,,,,50.0,,
2020-08-02,,,,,52.0,,
2020-08-03,,,,,40.0,66.9,
2020-08-04,,,,,45.0,,
2020-08-05,,,,,46.0,,
2020-08-06,,,,,29.0,,
2020-08-07,,,,,40.0,,
2020-08-08,,,,,43.0,,
2020-08-09,,,,,33.0,,
2020-08-10,,,,,32.0,59.2,
2020-08-11,,,,,38.0,,
2020-08-12,,,,,46.0,,
2020-08-13,,,,,31.0,53.8,
2020-08-14,,,,,36.0,,
2020-08-15,,,,,32.0,,
2020-08-16,,,,,73.0,,
2020-08-17,,,,,49.0,73.9,
2020-08-18,,,,,57.0,,
2020-08-19,,,,,57.0,70.0,
2020-08-20,,,,,73.0,,
2020-08-21,,,,,69.0,,
2020-08-22,,,,,65.0,87.1,
2020-08-23,,,,,45.0,,
2020-08-24,,,,,48.0,66.9,
2020-08-25,,,,,46.0,,
2020-08-26,,,,,58.0,71.4,
2020-08-27,,,,,66.0,,
2020-08-28,,,,,45.0,63.3,
2020-08-29,,,,,35.0,,
2020-08-30,,,,,23.0,42.7,
2020-08-31,,,,,61.0,70.1,
2020-09-01,,,,,61.0,78.8,
2020-09-02,,,,,69.0,82.1,
2020-09-03,,,,,,,
2020-09-04,,,,,21.0,,
2020-09-05,,,,,57.0,,
2020-09-06,,,,,63.0,,
2020-09-07,,,,,65.0,,
2020-09-08,,,,,66.0,,
2020-09-09,,,,,60.0,,
2020-09-10,,,,,41.0,,
2020-09-11,,,,,61.0,74.1,
2020-09-12,,,,,40.0,,
2020-09-13,,,,,32.0,50.5,
2020-09-14,,,,,25.0,,
2020-09-15,,,,,77.0,,
2020-09-16,,,,,49.0,,
2020-09-17,,,,,21.0,50.6,
2020-09-18,,,,,57.0,,
2020-09-19,,,,,60.0,73.6,
2020-09-20,,,,,80.0,,
2020-09-21,,,,,62.0,,
2020-09-22,,,,,89.0,92.2,
2020-09-23,,,,,62.0,,
2020-09-24,,,,,62.0,72.7,
2020-09-25,,,,,59.0,71.7,
2020-09-26,,,,,60.0,76.6,
2020-09-27,,,,,24.0,,
2020-09-28,,,,,52.0,64.6,
2020-09-29,,,,,72.0,79.5,
2020-09-30,,,,,53.0,69.2,
2020-10-01,,,,,45.0,,
2020-10-02,,,,,39.0,61.8,
2020-10-03,,,,,58.0,72.1,
2020-10-04,,,,,81.0,88.8,
2020-10-05,,,,,70.0,78.2,
2020-10-06,,,,,52.0,72.2,
2020-10-07,,,,,67.0,76.5,
2020-10-08,,,,,80.0,87.9,
2020-10-09,,,,,79.0,88.0,
2020-10-10,,,25.3,,66.0,78.8,
2020-10-11,15.9,,25.7,,46.0,65.1,
2020-10-12,,,,,52.0,63.8,
2020-10-13,,,,,43.0,60.6,
2020-10-14,20.6,,32.2,,42.0,68.6,
2020-10-15,,,,,64.0,75.1,
2020-10-16,20.5,,25.6,,57.0,74.5,
2020-10-17,16.7,,25.9,,49.0,69.2,
2020-10-18,18.8,,,,48.0,61.2,
2020-10-19,,,,,48.0,60.3,
2020-10-20,,,,,43.0,61.3,
2020-10-21,,,,,60.0,74.6,
2020-10-22,,,26.0,,60.0,72.9,
2020-10-23,19.2,,29.5,,35.0,56.4,
2020-10-24,,,26.3,,66.0,77.1,
2020-10-25,,,,,59.0,75.1,
2020-10-26,21.2,,26.5,,65.0,78.8,
2020-10-27,19.4,,28.3,,58.0,72.8,
2020-10-28,21.0,,,,57.0,66.9,
2020-10-29,,,29.9,,59.0,75.2,
2020-10-30,23.0,,,,76.0,89.5,
2020-10-31,,,,,77.0,88.2,
2020-11-01,,,,,66.0,78.5,
2020-11-02,,,,,44.0,60.1,
2020-11-03,,,,,50.0,69.5,
2020-11-04,,,,,64.0,,
2020-11-05,,,,,58.0,77.2,
2020-11-06,,,,,63.0,,
2020-11-07,,,,,59.0,69.8,
2020-11-08,,,,,81.0,87.9,
2020-11-09,,,,,73.0,,
2020-11-10,,,,,78.0,,
2020-11-11,,,,,67.0,,
2020-11-12,,,,,66.0,,
2020-11-13,,,,,69.0,,
2020-11-14,,,,,62.0,,
2020-11-15,,,,,59.0,73.8,
2020-11-16,,,,,58.0,68.5,
2020-11-17,,,,,50.0,,
2020-11-18,,,,,74.0,,
2020-11-19,,,,,73.0,,
2020-11-20,,,,,72.0,81.2,
2020-11-21,,,,,55.0,,
2020-11-22,,,,,65.0,,
2020-11-23,,,,,57.0,73.3,
2020-11-24,,,,,71.0,78.3,
2020-11-25,,,,,58.0,,
2020-11-26,,,,,44.0,,
2020-11-27,,,,,45.0,,
2020-11-28,,,,,44.0,,
2020-11-29,,,,,42.0,,
2020-11-30,,,,,34.0,56.3,
2020-12-01,,,,,55.0,69.2,
2020-12-02,,,,,66.0,74.9,
2020-12-03,,,,,48.0,62.1,
2020-12-04,,,,,50.0,64.8,
2020-12-05,,,,,69.0,,
2020-12-06,,,,,88.0,,
2020-12-07,,,,,81.0,,
2020-12-08,,,,,64.0,,
2020-12-09,,,,,67.0,80.5,
2020-12-10,,,,,74.0,83.2,
2020-12-11,,,,,54.0,,
2020-12-12,,,,,63.0,76.4,
2020-12-13,,,,,69.0,77.3,
2020-12-14,,,,,42.0,62.2,
2020-12-15,,,32.3,,59.0,70.7,
2020-12-16,23.9,,,,62.0,73.3,
2020-12-17,,,,,65.0,76.8,
2020-12-18,,,,,56.0,69.4,
2020-12-19,,,,,55.0,66.7,
2020-12-20,,,,,48.0,67.4,
2020-12-21,,,,,51.0,64.6,
2020-12-22,,,,,71.0,84.1,
2020-12-23,,,,,79.0,87.8,
2020-12-24,,,,,88.0,,
2020-12-25,,,,,65.0,82.1,
2020-12-26,,,,,59.0,75.9,
2020-12-27,,,,,72.0,,
2020-12-28,,,,,55.0,,
2020-12-29,,,,,56.0,70.8,
2020-12-30,,,,,54.0,67.3,
2020-12-31,,,,,33.0,53.6,
2021-01-01,,,,,53.0,72.3,
2021-01-02,,,,,70.0,,
2021-01-03,,,,,70.0,82.3,
2021-01-04,,,,,63.0,,
2021-01-05,,,,,61.0,,
2021-01-06,,,,,50.0,,
2021-01-07,,,,,52.0,63.4,
2021-01-08,,,,,54.0,72.7,
2021-01-09,23.6,26.2,31.2,0.6,66.0,84.9,1.0
2021-01-10,23.6,27.1,32.2,0.2,56.0,78.5,1.9
2021-01-11,24.2,27.4,32.5,0.0,55.0,72.1,2.8
2021-01-12,22.9,28.3,35.1,0.0,44.0,63.3,2.8
2021-01-13,24.4,28.0,33.5,0.0,45.0,63.5,3.0
2021-01-14,23.5,27.5,33.7,0.0,45.0,65.2,3.4
2021-01-15,22.7,27.0,32.9,0.0,48.0,68.7,3.2
2021-01-16,24.0,27.9,33.4,0.0,42.0,62.7,3.5
2021-01-17,24.1,28.7,35.1,0.0,35.0,57.0,3.3
2021-01-18,22.4,29.2,35.7,0.0,29.0,54.3,2.6
2021-01-19,20.8,26.8,32.4,0.0,45.0,69.4,1.4
2021-01-20,20.2,26.7,34.2,0.0,39.0,67.9,1.8
2021-01-21,19.5,26.6,32.8,0.0,41.0,67.7,2.4
2021-01-22,24.3,27.6,33.3,0.0,41.0,65.4,3.8
2021-01-23,24.1,27.6,33.1,0.0,38.0,62.3,4.1
2021-01-24,22.3,27.1,33.2,0.0,33.0,62.0,3.2
2021-01-25,23.3,28.1,34.4,0.0,35.0,59.5,2.8
2021-01-26,24.4,28.5,34.4,0.0,42.0,59.8,3.0
2021-01-27,22.4,29.5,36.3,0.0,30.0,54.0,3.0
2021-01-28,20.1,29.2,37.3,0.0,24.0,56.1,1.9
2021-01-29,20.5,28.4,36.2,0.0,31.0,63.5,1.8
2021-01-30,21.4,29.2,37.0,0.0,33.0,59.5,2.4
2021-01-31,21.2,29.2,36.4,0.0,27.0,55.7,2.9
2021-02-01,22.6,28.0,34.6,0.0,42.0,63.8,2.2
2021-02-02,23.2,29.4,36.8,0.0,33.0,55.5,2.7
2021-02-03,21.9,28.7,35.9,0.0,35.0,59.4,3.0
2021-02-04,23.0,29.9,37.5,0.0,29.0,56.6,2.8
2021-02-05,23.0,25.2,31.4,3.2,55.0,82.4,1.6
2021-02-06,20.8,22.4,26.0,15.8,64.0,86.1,1.1
2021-02-07,18.9,22.0,27.8,8.8,57.0,86.2,1.0
2021-02-08,20.6,22.0,24.8,2.2,69.0,86.8,0.9
2021-02-09,19.7,22.6,27.7,10.6,60.0,83.9,1.0
2021-02-10,18.2,23.0,28.6,0.6,61.0,82.0,1.4
2021-02-11,20.8,25.0,30.9,0.0,58.0,80.5,1.5
2021-02-12,21.5,25.7,31.3,1.2,57.0,78.2,2.0
2021-02-13,22.7,25.7,29.9,0.0,66.0,78.3,1.3
2021-02-14,21.9,26.1,30.9,8.0,55.0,75.8,1.9
2021-02-15,22.4,24.5,28.0,0.2,71.0,84.4,1.0
2021-02-16,19.4,24.8,31.5,0.0,56.0,80.4,1.4
2021-02-17,22.2,25.8,30.9,0.0,59.0,79.1,1.2
2021-02-18,21.4,25.8,30.1,2.2,54.0,75.8,1.3
2021-02-19,20.4,24.9,30.5,0.0,58.0,80.7,1.2
2021-02-20,22.1,26.0,31.3,0.0,56.0,80.1,1.5
2021-02-21,21.3,25.4,29.7,0.0,64.0,81.6,1.3
2021-02-22,22.8,25.4,29.7,5.8,62.0,83.0,1.4
2021-02-23,19.9,25.2,30.2,0.0,58.0,80.8,1.4
2021-02-24,19.5,25.6,34.1,0.0,37.0,75.5,1.5
2021-02-25,20.2,24.4,30.6,0.0,57.0,81.6,1.4
2021-02-26,22.2,25.3,30.3,0.0,54.0,82.5,1.3
2021-02-27,22.9,26.7,32.3,0.2,52.0,75.5,1.8
2021-02-28,23.8,27.1,31.6,0.0,45.0,66.5,3.9
2021-03-01,23.2,26.5,32.2,0.0,48.0,69.8,3.5
2021-03-02,21.8,27.5,34.4,0.0,35.0,64.5,3.3
2021-03-03,20.3,27.9,34.8,0.0,34.0,62.3,2.0
2021-03-04,20.7,27.5,35.0,0.0,33.0,68.6,1.4
2021-03-05,21.8,26.7,33.7,0.0,49.0,74.0,1.3
2021-03-06,22.6,26.3,33.7,2.6,40.0,75.7,1.4
2021-03-07,21.2,23.5,27.6,32.4,71.0,87.5,0.9
2021-03-08,21.4,23.9,28.8,1.4,64.0,86.0,1.1
2021-03-09,20.4,24.3,29.4,2.8,57.0,79.3,1.4
2021-03-10,20.5,24.6,28.9,0.2,63.0,75.7,2.1
2021-03-11,19.8,24.7,31.5,0.0,53.0,79.2,1.3
2021-03-12,21.4,25.8,31.3,0.0,56.0,80.0,1.4
2021-03-13,21.7,25.6,31.1,0.0,62.0,83.0,1.3
2021-03-14,20.7,25.8,32.4,0.0,57.0,79.1,1.2
2021-03-15,22.0,25.8,31.8,0.0,51.0,78.8,1.5
2021-03-16,21.7,25.3,31.9,0.0,44.0,77.4,1.4
2021-03-17,19.8,26.3,34.7,0.0,34.0,70.2,1.7
2021-03-18,19.9,27.4,35.3,0.0,30.0,67.7,1.6
2021-03-19,21.1,25.8,32.2,0.0,56.0,79.3,1.3
2021-03-20,20.0,26.2,33.5,0.0,41.0,70.9,2.6
2021-03-21,22.1,27.6,34.3,0.0,40.0,63.7,3.2
2021-03-22,19.2,26.5,33.9,0.0,41.0,70.1,1.4
2021-03-23,19.8,25.2,31.8,0.0,51.0,78.3,1.5
2021-03-24,20.6,25.3,33.4,0.0,41.0,78.6,1.5
2021-03-25,19.9,25.1,31.9,0.0,48.0,77.8,1.2
2021-03-26,20.6,26.2,32.7,0.0,50.0,75.0,1.3
2021-03-27,21.4,26.5,33.8,0.0,48.0,77.7,1.3
2021-03-28,21.0,25.8,32.5,0.0,53.0,79.3,1.2
2021-03-29,21.6,26.6,35.1,0.0,44.0,79.3,1.3
2021-03-30,20.9,25.1,32.8,104.2,45.0,81.8,2.2
2021-03-31,19.8,24.0,29.5,17.4,57.0,79.1,1.9
2021-04-01,20.2,24.7,29.3,0.0,42.0,67.4,2.6
2021-04-02,19.8,24.2,29.4,2.8,53.0,74.1,2.0
2021-04-03,18.8,23.4,29.1,0.2,58.0,80.4,1.3
2021-04-04,19.1,23.1,29.6,0.0,53.0,78.9,1.6
2021-04-05,19.2,22.0,25.7,0.4,59.0,84.9,1.0
2021-04-06,18.0,22.4,28.3,2.6,55.0,80.7,1.7
2021-04-07,20.6,23.5,28.2,0.2,53.0,76.0,1.9
2021-04-08,17.8,22.1,27.8,0.0,53.0,83.4,1.7
2021-04-09,18.8,24.6,30.2,0.0,34.0,67.5,2.6
2021-04-10,19.4,24.6,31.2,0.0,29.0,63.0,1.9
2021-04-11,16.9,23.6,33.2,0.0,30.0,66.8,1.4
2021-04-12,17.5,25.3,34.8,0.0,22.0,64.5,1.8
2021-04-13,21.9,24.1,27.2,6.8,57.0,79.0,1.9
2021-04-14,17.9,22.2,28.2,1.0,43.0,74.5,1.5
2021-04-15,16.7,21.5,27.7,0.2,46.0,76.5,1.4
2021-04-16,16.8,22.3,29.8,0.0,39.0,73.6,1.9
2021-04-17,19.6,24.4,30.4,0.0,43.0,71.7,2.5
2021-04-18,19.1,24.0,29.2,0.0,57.0,77.2,1.7
2021-04-19,20.3,23.5,26.8,21.8,59.0,79.0,2.4
2021-04-20,21.4,23.9,26.9,0.8,57.0,69.3,4.2
2021-04-21,21.2,22.8,26.9,18.8,63.0,82.0,2.7
2021-04-22,19.7,21.3,24.3,4.6,69.0,83.8,1.5
2021-04-23,20.3,23.0,27.4,0.6,49.0,69.8,2.3
2021-04-24,17.8,22.1,28.2,0.2,55.0,79.6,1.3
2021-04-25,19.1,22.9,27.2,0.0,65.0,83.2,1.1
2021-04-26,18.7,22.6,28.2,0.0,59.0,83.1,1.0
2021-04-27,21.0,22.6,26.5,0.4,72.0,88.3,1.1
2021-04-28,19.2,22.5,26.8,6.8,59.0,83.0,1.1
2021-04-29,19.8,21.5,25.6,17.8,56.0,84.1,1.1
2021-04-30,17.5,20.5,26.3,9.6,52.0,82.9,1.2
2021-05-01,16.6,19.9,24.8,0.2,59.0,86.7,1.0
2021-05-02,17.2,21.1,25.8,3.2,61.0,85.3,0.9
2021-05-03,15.7,20.9,27.4,0.0,60.0,84.1,1.0
2021-05-04,16.5,22.1,29.2,0.2,47.0,81.2,1.2
2021-05-05,17.2,22.4,30.0,0.0,48.0,80.3,1.0
2021-05-06,17.6,22.2,28.9,0.2,57.0,83.1,1.1
2021-05-07,18.5,21.9,26.3,0.0,66.0,85.9,1.6
2021-05-08,18.6,20.7,24.1,79.8,61.0,85.3,1.1
2021-05-09,16.3,19.0,22.8,0.8,69.0,89.0,1.1
2021-05-10,16.4,19.7,25.3,2.6,45.0,78.2,1.3
2021-05-11,14.4,19.8,27.9,0.0,45.0,80.1,1.3
2021-05-12,16.2,21.0,26.8,0.0,60.0,83.1,1.1
2021-05-13,18.2,20.1,23.5,19.0,65.0,85.8,1.4
2021-05-14,18.0,20.1,24.7,4.2,51.0,82.5,1.1
2021-05-15,14.6,19.6,25.8,0.0,51.0,81.7,1.2
2021-05-16,17.5,20.6,26.6,0.0,52.0,82.1,1.1
2021-05-17,16.5,20.9,27.2,0.0,59.0,83.9,0.9
2021-05-18,16.2,20.5,25.8,0.0,60.0,84.2,1.4
2021-05-19,18.0,20.2,25.3,6.0,59.0,84.2,1.0
2021-05-20,16.7,20.9,25.5,0.2,64.0,83.4,1.0
2021-05-21,18.3,22.2,27.8,0.0,61.0,83.7,1.3
2021-05-22,18.2,22.8,31.3,0.0,46.0,76.3,1.4
2021-05-23,18.9,23.3,30.7,0.0,39.0,77.7,0.8
2021-05-24,20.1,22.1,24.9,0.0,55.0,72.8,2.0
2021-05-25,16.3,19.8,24.4,0.0,47.0,72.5,1.2
2021-05-26,13.7,19.4,26.8,0.0,56.0,80.8,1.2
2021-05-27,17.8,21.7,26.3,0.0,65.0,85.8,0.9
2021-05-28,16.2,22.3,29.5,0.0,54.0,82.5,1.1
2021-05-29,20.6,25.9,33.5,0.0,35.0,68.3,1.6
2021-05-30,20.3,22.7,26.5,0.0,69.0,86.7,1.1
2021-05-31,19.4,21.3,23.5,69.8,79.0,92.0,0.9
2021-06-01,19.0,21.4,25.5,4.6,63.0,86.0,1.3
2021-06-02,16.3,21.2,28.1,0.2,54.0,83.8,1.2
2021-06-03,16.2,21.5,29.8,0.2,47.0,80.2,1.1
2021-06-04,16.9,21.2,26.8,0.0,65.0,85.8,1.2
2021-06-05,19.3,24.0,28.9,0.0,43.0,70.7,2.5
2021-06-06,17.7,23.1,30.8,0.0,42.0,77.3,1.1
2021-06-07,17.6,21.3,26.4,0.0,64.0,85.2,1.2
2021-06-08,19.9,22.0,25.1,0.0,69.0,86.8,0.8
2021-06-09,20.1,22.1,25.6,1.4,66.0,84.6,1.5
2021-06-10,20.6,22.4,25.0,2.8,70.0,82.6,2.6
2021-06-11,19.8,22.0,25.2,0.0,67.0,82.0,2.3
2021-06-12,18.5,20.0,23.7,7.0,56.0,79.0,1.5
2021-06-13,15.4,18.5,22.6,5.2,57.0,83.1,1.2
2021-06-14,15.1,18.7,23.2,1.2,54.0,80.4,1.1
2021-06-15,13.6,18.0,25.0,0.2,44.0,80.0,1.3
2021-06-16,14.7,18.9,24.8,0.2,53.0,81.6,1.1
2021-06-17,16.8,18.4,20.8,0.2,73.0,86.5,1.3
2021-06-18,15.5,19.1,23.7,1.4,53.0,80.4,1.1
2021-06-19,15.2,19.7,24.1,0.2,58.0,79.6,1.9
2021-06-20,18.6,22.1,27.3,0.0,49.0,70.3,3.0
2021-06-21,19.7,20.9,23.6,0.2,55.0,71.5,2.9
2021-06-22,14.8,18.4,23.4,0.4,58.0,85.0,0.9
2021-06-23,18.4,,24.1,,59.0,83.3,1.2
2021-06-24,14.3,19.8,24.7,2.4,51.0,74.0,2.5
2021-06-25,14.0,20.3,29.2,0.0,39.0,78.9,1.1
2021-06-26,15.4,21.9,27.7,0.0,47.0,73.9,2.2
2021-06-27,19.7,20.1,28.6,0.0,43.0,76.2,1.5
2021-06-28,12.9,20.0,27.6,0.0,40.0,77.5,1.3
2021-06-29,15.0,18.4,23.7,0.0,68.0,86.9,2.1
2021-06-30,15.7,15.7,19.1,2.8,58.0,76.3,1.6
2021-07-01,12.6,16.2,22.3,0.2,51.0,77.4,1.5
2021-07-02,10.8,17.7,24.4,0.0,44.0,76.9,1.6
2021-07-03,11.9,18.4,26.2,0.0,46.0,77.0,1.3
2021-07-04,14.2,18.3,24.1,0.0,56.0,83.4,1.2
2021-07-05,14.5,18.3,21.8,2.6,64.0,88.4,0.9
2021-07-06,16.0,18.3,23.0,4.6,55.0,81.8,1.3
2021-07-07,14.3,17.4,23.0,0.8,60.0,85.5,1.2
2021-07-08,13.4,18.0,23.3,0.2,65.0,87.4,1.1
2021-07-09,13.6,18.6,24.7,0.2,61.0,85.3,1.0
2021-07-10,14.4,18.7,24.7,0.0,62.0,85.5,1.3
2021-07-11,13.7,19.0,26.3,0.2,50.0,84.4,1.3
2021-07-12,13.7,19.9,24.3,0.0,67.0,84.2,1.4
2021-07-13,16.5,22.3,26.9,0.0,44.0,74.3,1.8
2021-07-14,17.3,21.9,27.9,0.0,57.0,76.3,1.5
2021-07-15,16.4,22.1,31.5,0.0,23.0,66.9,1.6
2021-07-16,16.0,21.7,28.5,0.0,37.0,75.9,1.5
2021-07-17,17.3,20.1,23.9,0.0,73.0,88.5,1.1
2021-07-18,16.0,20.8,26.3,0.0,61.0,80.5,2.0
2021-07-19,17.5,19.5,22.9,0.6,43.0,59.3,2.2
2021-07-20,13.0,17.6,21.9,,45.0,77.1,1.2
2021-07-21,13.0,18.1,23.7,0.0,56.0,84.0,1.2
2021-07-22,15.7,20.3,25.7,0.0,46.0,70.5,2.1
2021-07-23,14.3,21.1,27.4,0.0,34.0,63.6,2.1
2021-07-24,15.7,21.9,28.6,0.0,35.0,62.6,2.7
2021-07-25,14.8,21.7,28.4,0.0,30.0,61.5,1.8
2021-07-26,16.3,25.7,32.4,0.0,19.0,42.5,3.8
2021-07-27,17.8,19.2,23.4,7.2,54.0,74.2,3.1
2021-07-28,13.9,16.2,19.9,1.0,38.0,58.6,2.0
2021-07-29,13.2,16.6,21.8,0.0,44.0,68.0,1.5
2021-07-30,12.9,17.5,22.4,0.0,47.0,74.0,2.0
2021-07-31,12.1,17.1,24.0,0.0,40.0,75.8,1.4
2021-08-01,11.4,17.8,23.8,0.0,57.0,82.5,1.5
2021-08-02,13.7,18.4,23.4,3.4,53.0,81.6,1.5
2021-08-03,13.5,17.5,23.4,0.0,62.0,84.6,1.1
2021-08-04,13.7,19.2,22.8,0.0,61.0,84.0,1.6
2021-08-05,14.1,19.5,24.6,0.0,51.0,71.3,3.1
2021-08-06,14.2,21.4,27.2,0.0,44.0,66.1,3.1
2021-08-07,17.7,22.0,29.0,0.0,33.0,64.6,2.2
2021-08-08,14.4,21.1,28.7,0.0,38.0,70.3,1.6
2021-08-09,13.9,19.5,28.3,0.0,47.0,80.8,2.2
2021-08-10,14.1,20.3,22.9,0.0,70.0,84.0,1.5
2021-08-11,18.4,19.0,20.2,22.4,83.0,90.6,1.6
2021-08-12,16.3,17.9,19.4,11.2,83.0,90.0,2.0
2021-08-13,16.4,18.9,24.0,7.8,60.0,87.0,1.6
2021-08-14,15.5,21.4,27.6,0.0,57.0,75.0,2.5
2021-08-15,16.1,21.5,28.5,4.4,51.0,81.6,1.8
2021-08-16,15.7,24.0,30.8,0.2,44.0,73.1,2.8
2021-08-17,21.0,24.4,30.5,0.0,42.0,68.1,3.3
2021-08-18,16.6,23.3,31.7,0.0,28.0,65.4,2.6
2021-08-19,13.8,20.8,31.8,0.0,28.0,73.8,1.4
2021-08-20,13.3,20.9,31.4,0.0,31.0,76.0,1.4
2021-08-21,14.4,23.0,33.8,0.0,19.0,66.1,1.5
2021-08-22,15.4,24.0,33.3,0.0,25.0,63.4,1.4
2021-08-23,15.4,24.6,33.5,0.0,27.0,62.0,2.3
2021-08-24,16.1,26.0,34.7,0.0,22.0,50.7,2.9
2021-08-25,20.0,23.8,31.5,0.0,42.0,68.1,2.3
2021-08-26,18.5,21.5,25.9,0.0,57.0,81.2,1.2
2021-08-27,18.0,21.5,25.7,5.8,64.0,84.3,1.2
2021-08-28,17.9,21.2,24.2,1.6,63.0,82.4,1.4
2021-08-29,19.1,20.4,23.7,9.6,69.0,86.0,1.9
2021-08-30,18.7,20.8,24.7,17.8,59.0,82.2,2.4
2021-08-31,19.0,21.8,27.9,3.0,47.0,75.5,2.3
2021-09-01,16.9,23.6,31.2,0.2,42.0,68.2,2.6
2021-09-02,16.7,22.8,31.5,0.0,42.0,75.5,2.0
2021-09-03,17.5,22.1,26.3,0.0,61.0,81.5,1.4
2021-09-04,18.9,21.8,25.7,0.0,65.0,83.0,1.5
2021-09-05,18.3,21.9,26.2,0.0,56.0,80.6,1.8
2021-09-06,20.2,22.8,27.5,0.0,58.0,73.3,4.4
2021-09-07,20.3,23.9,30.7,0.0,52.0,73.4,2.3
2021-09-08,19.7,22.7,27.7,4.2,66.0,86.5,1.5
2021-09-09,20.1,22.2,25.8,1.4,62.0,85.0,1.0
2021-09-10,19.8,21.7,25.6,10.4,73.0,86.5,1.2
2021-09-11,19.6,24.3,31.1,0.0,58.0,80.7,2.0
2021-09-12,20.7,26.3,35.6,0.0,26.0,75.0,1.3
2021-09-13,20.5,24.9,34.8,0.0,47.0,76.4,2.0
2021-09-14,20.0,22.7,27.1,2.8,68.0,85.7,1.3
2021-09-15,19.5,20.8,24.1,8.0,57.0,84.0,1.8
2021-09-16,19.0,22.0,26.0,0.2,68.0,80.2,2.0
2021-09-17,18.8,22.4,27.4,1.4,62.0,85.0,1.1
2021-09-18,20.6,,26.5,0.2,65.0,84.1,2.1
2021-09-19,,,,,,,
2021-09-20,,,,,61.0,,
2021-09-21,19.4,23.4,32.8,,35.0,78.3,2.9
2021-09-22,17.8,19.5,22.2,14.0,53.0,76.5,2.8
2021-09-23,14.4,18.1,22.0,0.4,47.0,72.1,1.6
2021-09-24,13.3,20.5,26.1,0.0,39.0,63.4,3.1
2021-09-25,19.0,22.6,28.7,0.0,41.0,64.5,2.6
2021-09-26,17.6,22.5,28.2,0.0,53.0,75.9,1.5
2021-09-27,18.5,22.6,27.8,0.0,60.0,81.0,1.3
2021-09-28,22.1,25.3,32.2,0.0,43.0,70.4,2.4
2021-09-29,18.0,23.3,29.8,0.0,49.0,75.0,2.3
2021-09-30,19.9,22.8,25.7,10.2,60.0,75.1,2.2
2021-10-01,20.4,21.6,23.7,0.0,74.0,81.7,2.1
2021-10-02,20.3,24.4,30.3,0.0,53.0,76.1,1.5
2021-10-03,19.6,23.9,30.1,0.0,57.0,80.4,1.3
2021-10-04,21.1,24.7,31.7,21.0,47.0,76.8,2.0
2021-10-05,21.6,21.5,23.3,0.2,79.0,88.2,1.4
2021-10-06,19.4,21.5,24.4,13.0,66.0,83.8,2.0
2021-10-07,19.5,22.5,31.3,0.4,49.0,83.3,2.1
2021-10-08,17.7,19.8,23.0,11.8,57.0,78.1,1.3
2021-10-09,17.9,19.4,22.2,0.0,67.0,81.0,2.0
2021-10-10,17.5,19.1,22.3,3.2,72.0,86.3,2.2
2021-10-11,18.2,19.2,20.8,30.4,80.0,88.4,2.8
2021-10-12,18.4,20.0,22.6,7.2,69.0,80.5,3.0
2021-10-13,19.5,22.2,25.4,0.2,66.0,77.5,3.4
2021-10-14,18.5,24.7,31.8,0.2,48.0,73.0,3.0
2021-10-15,21.3,26.8,34.8,13.2,38.0,72.9,1.9
2021-10-16,22.2,25.3,31.2,0.2,50.0,77.0,2.2
2021-10-17,20.7,21.6,23.4,2.8,74.0,87.0,1.8
2021-10-18,19.7,20.2,21.6,5.0,87.0,91.7,1.1
2021-10-19,18.9,19.0,20.5,21.0,84.0,92.2,1.1
2021-10-20,14.8,16.3,17.8,37.0,80.0,89.3,0.9
2021-10-21,15.8,18.4,21.9,4.4,61.0,82.0,1.1
2021-10-22,15.8,20.0,25.3,0.0,58.0,79.2,1.4
2021-10-23,18.1,24.0,29.8,0.0,49.0,71.4,2.8
2021-10-24,23.2,24.5,30.2,0.0,44.0,73.6,3.5
2021-10-25,19.6,20.8,23.2,5.2,76.0,84.8,1.2
2021-10-26,17.9,21.8,25.7,0.4,72.0,83.1,1.6
2021-10-27,21.8,23.1,26.0,3.0,79.0,89.9,0.8
2021-10-28,22.0,24.0,29.1,0.0,55.0,81.7,1.9
2021-10-29,21.7,21.8,24.2,4.2,73.0,87.9,2.0
2021-10-30,18.8,21.0,23.3,2.4,72.0,83.8,2.5
2021-10-31,20.7,21.8,23.6,3.0,83.0,88.8,2.3
2021-11-01,20.7,20.9,22.2,17.0,86.0,92.2,1.6
2021-11-02,19.8,22.9,26.9,54.6,67.0,80.9,2.8
2021-11-03,20.6,22.8,26.5,10.8,64.0,82.2,2.3
2021-11-04,20.9,22.1,25.3,12.0,71.0,88.7,1.0
2021-11-05,18.5,21.8,25.6,5.8,61.0,81.5,1.5
2021-11-06,17.8,20.8,24.8,0.0,63.0,81.0,1.5
2021-11-07,16.5,21.3,26.0,0.0,52.0,76.5,1.6
2021-11-08,18.2,21.8,26.4,0.0,56.0,77.6,1.1
2021-11-09,19.6,21.1,24.3,0.0,72.0,87.5,0.9
2021-11-10,18.9,21.2,24.2,4.4,63.0,83.4,0.9
2021-11-11,18.5,20.0,22.7,0.0,69.0,86.8,0.9
2021-11-12,17.6,19.1,22.3,13.2,63.0,85.6,1.0
2021-11-13,15.3,19.0,23.6,0.2,52.0,75.3,1.5
2021-11-14,14.1,20.3,25.6,0.0,42.0,66.8,2.5
2021-11-15,14.9,22.0,28.0,0.0,45.0,64.8,3.2
2021-11-16,19.6,23.9,29.7,0.0,46.0,66.2,3.6
2021-11-17,17.8,25.4,31.8,0.0,45.0,66.5,3.3
2021-11-18,18.7,25.5,33.5,0.0,40.0,72.1,1.7
2021-11-19,21.6,23.7,29.4,2.4,62.0,86.8,1.8
2021-11-20,21.2,21.5,25.1,16.4,68.0,88.0,1.9
2021-11-21,18.7,20.8,24.6,2.8,55.0,75.6,1.4
2021-11-22,14.8,20.5,26.3,0.2,49.0,74.1,1.8
2021-11-23,14.7,22.2,29.1,0.0,52.0,71.3,1.5
2021-11-24,15.2,21.4,28.6,0.0,52.0,72.9,1.9
2021-11-25,19.8,23.5,28.2,0.0,56.0,78.5,2.0
2021-11-26,21.1,25.6,32.8,0.0,46.0,71.8,2.4
2021-11-27,21.5,26.1,32.7,10.6,40.0,70.3,2.0
2021-11-28,20.2,22.9,25.9,30.2,54.0,81.9,1.1
2021-11-29,19.1,25.6,32.5,0.0,50.0,75.8,1.8
2021-11-30,22.5,25.3,29.3,0.0,64.0,82.3,1.6
2021-12-01,22.3,25.1,29.8,4.2,62.0,83.3,1.6
2021-12-02,21.3,24.3,28.1,1.2,57.0,78.0,1.8
2021-12-03,19.9,23.1,26.7,0.2,59.0,77.1,1.3
2021-12-04,18.1,22.3,26.3,0.0,60.0,78.6,1.3
2021-12-05,19.9,24.7,30.4,0.0,55.0,74.4,2.2
2021-12-06,21.3,23.9,27.6,5.8,71.0,82.7,1.7
2021-12-07,21.2,22.0,23.9,21.4,72.0,88.3,1.2
2021-12-08,19.9,20.6,23.9,8.8,74.0,89.4,1.0
2021-12-09,17.8,22.2,26.7,2.8,55.0,77.8,1.9
2021-12-10,17.2,22.7,27.4,0.0,50.0,74.0,1.4
2021-12-11,18.9,24.0,28.2,0.2,64.0,80.8,1.6
2021-12-12,23.0,26.1,33.0,0.0,57.0,81.1,1.5
2021-12-13,22.0,26.1,32.2,3.6,50.0,79.4,1.3
2021-12-14,23.3,26.9,32.1,0.2,54.0,79.0,1.6
2021-12-15,23.3,27.2,33.7,0.0,47.0,76.5,2.0
2021-12-16,23.7,27.1,32.7,17.8,54.0,80.5,1.4
2021-12-17,22.8,25.0,29.5,43.0,66.0,87.7,1.0
2021-12-18,22.2,24.2,27.2,45.4,67.0,83.3,1.5
2021-12-19,20.8,23.1,26.4,8.2,55.0,77.3,1.5
2021-12-20,18.5,23.0,27.4,0.4,49.0,76.2,2.2
2021-12-21,20.9,25.4,30.8,0.0,47.0,68.0,2.8
2021-12-22,20.2,26.8,32.2,0.0,50.0,71.8,2.0
2021-12-23,22.5,23.7,26.1,16.4,64.0,81.6,2.3
2021-12-24,21.0,23.2,27.2,3.6,55.0,75.7,2.4
2021-12-25,18.0,22.4,27.6,0.2,49.0,75.8,1.5
2021-12-26,17.3,23.5,30.4,0.0,44.0,72.0,2.3
2021-12-27,19.0,24.2,31.2,0.0,48.0,76.2,1.9
2021-12-28,18.2,23.9,30.2,14.2,47.0,77.0,1.2
2021-12-29,20.8,24.9,30.4,0.2,52.0,79.2,1.4
2021-12-30,22.0,24.6,29.8,0.6,58.0,86.3,1.4
2021-12-31,22.6,24.1,25.0,66.2,78.0,87.9,2.1
2022-01-01,23.0,25.2,29.2,16.2,62.0,84.3,1.9
2022-01-02,23.6,27.1,31.4,4.8,56.0,74.6,1.6
2022-01-03,23.7,28.0,33.8,0.0,48.0,75.2,1.3
2022-01-04,23.5,27.6,33.3,0.0,46.0,72.0,1.9
2022-01-05,23.0,28.1,33.7,0.0,44.0,67.5,2.1
2022-01-06,23.6,26.9,33.1,0.0,48.0,76.1,2.2
2022-01-07,23.8,24.2,25.6,9.6,82.0,90.8,1.7
2022-01-08,22.2,22.8,24.4,72.0,82.0,92.0,1.3
2022-01-09,21.4,22.3,25.2,19.2,71.0,87.7,0.9
2022-01-10,20.4,22.8,27.1,13.2,73.0,89.2,0.9
2022-01-11,22.2,24.2,28.2,8.6,74.0,88.8,1.2
2022-01-12,22.1,25.1,28.8,35.6,70.0,85.8,1.3
2022-01-13,23.4,25.4,27.8,2.4,72.0,86.4,0.9
2022-01-14,22.0,26.1,32.0,0.0,59.0,82.6,1.2
2022-01-15,22.1,26.0,30.5,0.0,61.0,80.9,1.4
2022-01-16,22.3,26.5,32.2,0.0,54.0,76.1,2.3
2022-01-17,22.3,27.9,35.2,0.4,45.0,72.0,2.2
2022-01-18,23.9,28.9,35.1,0.0,47.0,67.8,3.0
2022-01-19,24.9,28.1,34.1,0.0,46.0,69.5,2.7
2022-01-20,23.2,27.6,33.4,0.0,54.0,73.3,2.3
2022-01-21,22.6,26.7,31.9,0.0,59.0,75.2,2.1
2022-01-22,23.2,27.1,33.3,0.0,40.0,68.8,2.8
2022-01-23,22.6,27.5,33.9,0.0,41.0,64.5,2.9
2022-01-24,23.5,27.6,33.6,0.0,44.0,64.7,2.9
2022-01-25,23.1,27.8,33.3,0.0,43.0,63.0,3.6
2022-01-26,22.0,28.4,35.4,0.0,38.0,65.1,2.8
2022-01-27,22.2,30.3,37.2,0.0,29.0,53.3,3.1
2022-01-28,23.8,26.4,32.8,0.0,53.0,76.6,1.5
2022-01-29,22.9,24.6,29.5,7.2,58.0,84.5,1.6
2022-01-30,22.5,24.9,29.3,11.4,68.0,84.6,1.4
2022-01-31,22.4,25.1,30.2,6.4,64.0,83.3,1.2
2022-02-01,23.0,26.3,32.3,0.0,49.0,77.7,1.5
2022-02-02,23.2,25.4,29.2,1.2,67.0,84.5,1.1
2022-02-03,23.0,25.1,28.4,15.6,68.0,84.4,1.7
2022-02-04,22.1,26.1,31.1,0.0,61.0,83.0,1.3
2022-02-05,23.0,27.5,34.4,12.4,49.0,78.2,1.7
2022-02-06,23.1,28.2,34.0,28.6,46.0,74.5,1.4
2022-02-07,22.8,25.7,32.1,2.2,58.0,83.5,1.2
2022-02-08,24.2,23.5,25.7,20.0,79.0,89.5,1.2
2022-02-09,19.8,22.0,25.4,18.4,67.0,87.0,0.7
2022-02-10,19.6,22.0,24.8,19.6,72.0,86.0,1.1
2022-02-11,20.3,22.7,26.3,0.4,70.0,85.8,0.9
2022-02-12,21.7,23.5,27.5,0.2,67.0,86.0,1.1
2022-02-13,19.9,24.3,29.5,9.4,62.0,82.0,1.6
2022-02-14,21.6,26.9,31.9,0.2,50.0,75.2,1.5
2022-02-15,22.5,26.1,30.2,0.0,61.0,80.0,2.0
2022-02-16,21.9,24.9,28.7,0.0,61.0,79.7,1.1
2022-02-17,18.9,24.3,29.9,0.0,51.0,78.1,1.8
2022-02-18,22.7,24.1,26.2,25.2,76.0,87.4,1.2
2022-02-19,21.7,24.1,27.4,3.4,56.0,83.1,1.4
2022-02-20,21.3,24.8,28.9,5.2,62.0,80.4,1.4
2022-02-21,22.3,26.2,35.0,0.2,37.0,77.8,1.4
2022-02-22,22.8,26.1,31.2,0.0,53.0,78.0,1.2
2022-02-23,21.8,26.1,31.7,0.0,58.0,77.9,1.4
2022-02-24,21.7,25.6,30.2,0.0,57.0,79.5,1.3
2022-02-25,20.7,25.3,29.8,0.0,58.0,79.3,1.3
2022-02-26,20.6,25.6,31.2,0.0,52.0,79.5,1.3
2022-02-27,21.1,26.2,32.5,0.0,42.0,75.0,2.0
2022-02-28,21.6,27.7,34.6,0.0,38.0,67.5,2.1
2022-03-01,19.5,27.1,35.9,0.0,34.0,71.1,1.3
2022-03-02,20.8,27.0,33.9,0.0,41.0,71.3,1.4
2022-03-03,20.7,26.2,32.9,0.0,43.0,72.8,1.4
2022-03-04,21.3,25.3,32.0,0.0,54.0,81.3,1.0
2022-03-05,21.3,26.3,32.4,0.0,44.0,73.0,1.7
2022-03-06,21.7,28.3,35.2,0.0,33.0,60.0,2.6
2022-03-07,25.0,28.9,36.1,0.0,32.0,57.2,2.8
2022-03-08,23.2,29.1,36.0,0.0,27.0,54.2,2.8
2022-03-09,23.3,28.4,34.3,0.0,40.0,59.8,2.5
2022-03-10,23.9,28.4,34.8,0.0,40.0,62.3,2.6
2022-03-11,21.5,28.6,34.9,0.0,34.0,60.0,2.1
2022-03-12,21.9,26.4,32.6,0.0,46.0,73.8,1.6
2022-03-13,21.1,26.5,33.0,0.0,49.0,74.5,1.1
2022-03-14,22.1,26.2,31.6,0.0,57.0,77.8,1.3
2022-03-15,21.7,26.0,31.3,0.0,57.0,78.0,1.3
2022-03-16,21.4,27.2,35.3,0.0,38.0,70.8,1.9
2022-03-17,25.0,29.3,35.5,0.0,35.0,58.8,2.5
2022-03-18,21.3,28.9,36.4,0.0,27.0,59.7,2.3
2022-03-19,22.0,28.1,35.2,0.0,32.0,63.1,1.6
2022-03-20,21.8,25.9,32.4,0.0,52.0,77.2,2.0
2022-03-21,20.6,22.6,25.2,51.8,57.0,82.8,1.7
2022-03-22,19.7,22.2,26.0,2.6,61.0,79.4,1.2
2022-03-23,21.7,24.7,29.2,1.0,44.0,63.7,3.2
2022-03-24,21.7,26.5,32.8,0.0,41.0,63.1,2.3
2022-03-25,20.4,27.3,34.5,0.0,33.0,67.0,1.8
2022-03-26,21.7,27.2,34.2,0.0,39.0,72.2,1.3
2022-03-27,22.4,25.6,31.2,0.2,56.0,81.5,1.4
2022-03-28,22.4,25.0,28.8,34.0,71.0,85.0,1.3
2022-03-29,23.0,25.3,30.0,0.0,65.0,84.0,1.2
2022-03-30,21.1,26.0,32.2,0.0,54.0,79.0,1.3
2022-03-31,22.6,25.9,30.6,0.0,51.0,75.3,2.0
2022-04-01,22.2,23.9,25.6,161.2,80.0,88.3,1.8
2022-04-02,22.6,24.1,27.0,182.8,73.0,87.8,1.8
2022-04-03,23.5,24.7,27.1,5.2,69.0,84.5,1.1
2022-04-04,22.1,25.4,29.5,0.2,60.0,83.1,1.1
2022-04-05,22.0,25.3,30.1,0.2,60.0,81.4,2.0
2022-04-06,23.1,24.6,26.5,2.6,68.0,81.9,1.5
2022-04-07,20.9,23.7,27.5,0.0,60.0,81.2,1.2
2022-04-08,19.5,24.3,29.9,0.2,56.0,79.7,1.6
2022-04-09,22.9,25.5,28.6,6.2,71.0,82.8,1.5
2022-04-10,22.9,25.1,29.2,0.0,60.0,83.3,1.1
2022-04-11,20.2,24.1,29.1,0.0,52.0,81.0,1.2
2022-04-12,19.6,25.4,31.9,0.0,49.0,74.9,1.6
2022-04-13,21.1,26.2,32.1,0.0,53.0,75.8,1.3
2022-04-14,22.8,24.6,28.2,0.0,65.0,81.2,1.6
2022-04-15,19.4,21.7,24.9,59.8,39.0,70.6,2.6
2022-04-16,18.8,21.3,25.2,1.0,55.0,72.8,1.9
2022-04-17,18.1,21.1,26.4,6.6,52.0,77.4,1.4
2022-04-18,16.5,20.6,26.8,0.0,47.0,79.4,1.2
2022-04-19,16.2,21.0,27.0,0.2,48.0,80.4,1.2
2022-04-20,16.7,21.5,27.5,0.2,60.0,81.8,1.2
2022-04-21,17.7,22.2,27.9,0.0,55.0,79.8,1.0
2022-04-22,18.4,23.3,29.4,0.0,57.0,80.5,1.2
2022-04-23,19.5,26.7,35.3,0.0,24.0,60.0,2.1
2022-04-24,21.2,24.9,28.6,0.0,46.0,74.0,1.4
2022-04-25,20.6,23.4,27.6,0.0,54.0,77.0,1.8
2022-04-26,20.1,25.1,30.8,0.0,50.0,72.0,1.9
2022-04-27,19.9,25.3,32.4,0.0,43.0,75.0,1.4
2022-04-28,18.7,25.2,32.6,0.0,35.0,72.1,1.3
2022-04-29,18.9,24.2,31.0,0.0,46.0,79.8,1.5
2022-04-30,22.7,23.4,24.6,17.6,75.0,86.9,1.5
2022-05-01,19.1,23.8,30.5,0.8,51.0,81.8,1.2
2022-05-02,19.7,23.7,29.8,0.0,54.0,82.3,1.1
2022-05-03,20.1,25.0,33.1,0.0,44.0,77.0,1.5
2022-05-04,19.3,25.0,35.1,0.0,32.0,73.4,1.6
2022-05-05,21.1,24.0,27.4,5.8,53.0,78.9,2.0
2022-05-06,21.3,22.8,26.4,0.4,54.0,71.4,2.2
2022-05-07,16.8,21.1,26.8,0.0,58.0,78.4,1.4
2022-05-08,18.9,20.6,24.2,15.6,67.0,88.6,0.9
2022-05-09,16.8,20.3,25.7,13.0,44.0,79.3,1.2
2022-05-10,16.5,20.1,25.2,0.2,58.0,85.5,1.1
2022-05-11,17.5,22.5,29.2,1.8,53.0,81.2,1.4
2022-05-12,19.0,22.0,25.2,6.6,69.0,84.3,1.7
2022-05-13,19.0,21.9,26.7,3.2,59.0,82.0,1.1
2022-05-14,19.1,22.0,26.2,0.2,56.0,78.6,1.3
2022-05-15,18.3,22.3,26.0,0.0,50.0,75.5,1.7
2022-05-16,17.7,21.4,26.2,0.2,58.0,82.4,1.2
2022-05-17,18.9,21.1,25.2,8.0,61.0,81.4,1.5
2022-05-18,14.1,18.3,23.6,0.2,21.0,63.5,1.6
2022-05-19,14.9,19.3,22.9,0.0,34.0,51.3,3.7
2022-05-20,16.2,18.0,21.6,15.2,65.0,81.3,2.1
2022-05-21,13.9,18.1,23.9,8.0,54.0,83.3,1.1
2022-05-22,13.8,19.3,26.0,0.0,34.0,76.5,1.5
2022-05-23,17.0,20.9,27.0,0.2,41.0,71.2,1.8
2022-05-24,14.7,20.7,28.0,0.0,33.0,71.8,1.9
2022-05-25,17.1,22.3,27.4,0.0,45.0,68.7,2.5
2022-05-26,17.5,22.2,28.2,0.0,44.0,74.3,1.8
2022-05-27,14.9,21.4,28.6,0.0,41.0,73.3,1.6
2022-05-28,17.3,22.5,29.2,0.0,37.0,65.5,1.7
2022-05-29,13.7,20.7,30.6,0.0,38.0,74.2,1.0
2022-05-30,17.6,23.2,29.8,0.0,43.0,69.0,1.5
2022-05-31,18.6,21.7,25.8,0.0,64.0,84.5,1.1
2022-06-01,20.1,22.7,26.0,0.0,69.0,84.2,1.2
2022-06-02,18.4,21.4,27.0,0.0,70.0,87.2,1.6
2022-06-03,17.7,20.1,22.6,0.4,70.0,86.3,1.5
2022-06-04,17.7,18.7,20.8,31.0,68.0,86.5,1.0
2022-06-05,16.2,18.7,23.6,2.4,50.0,76.5,1.4
2022-06-06,13.1,18.6,26.4,0.0,36.0,73.8,1.5
2022-06-07,15.1,19.8,28.1,0.0,45.0,80.7,1.0
2022-06-08,16.9,20.8,25.7,0.4,65.0,83.9,1.2
2022-06-09,19.6,21.2,24.4,0.0,70.0,85.4,0.9
2022-06-10,19.7,21.9,27.2,0.0,49.0,80.7,1.8
2022-06-11,18.6,19.0,20.3,10.0,76.0,89.5,1.2
2022-06-12,17.6,18.4,20.2,3.8,71.0,85.2,1.2
2022-06-13,15.7,19.0,22.2,0.2,53.0,63.0,2.7
2022-06-14,17.2,18.5,21.3,10.2,63.0,83.5,1.3
2022-06-15,13.6,17.9,23.9,0.0,44.0,78.2,1.2
2022-06-16,12.2,17.5,24.1,0.0,52.0,81.3,1.1
2022-06-17,12.2,18.9,27.5,0.2,40.0,76.8,1.3
2022-06-18,14.3,19.7,29.2,0.2,35.0,80.0,1.6
2022-06-19,17.9,18.7,19.9,20.8,80.0,89.9,0.9
2022-06-20,14.6,19.8,26.7,1.8,51.0,80.7,1.5
2022-06-21,16.1,21.6,28.0,0.2,51.0,77.5,1.6
2022-06-22,14.4,20.6,28.8,0.0,37.0,75.1,1.2
2022-06-23,14.3,20.3,28.9,0.0,51.0,81.2,0.9
2022-06-24,13.0,19.2,27.9,0.4,43.0,80.6,1.0
2022-06-25,13.5,18.8,24.2,0.0,67.0,82.8,1.8
2022-06-26,18.3,19.3,21.9,14.6,61.0,81.1,1.4
2022-06-27,15.4,17.7,22.4,0.2,52.0,80.0,1.1
2022-06-28,11.4,17.1,25.6,0.0,37.0,75.3,1.2
2022-06-29,13.0,19.3,30.0,0.2,33.0,76.2,1.0
2022-06-30,17.3,20.3,23.4,0.6,60.0,78.6,2.0
2022-07-01,14.2,18.7,24.1,0.0,57.0,83.2,1.2
2022-07-02,15.9,21.1,28.5,0.2,38.0,74.3,1.7
2022-07-03,14.5,20.1,29.2,0.0,40.0,78.7,1.0
2022-07-04,13.9,19.9,28.0,0.0,44.0,77.6,1.1
2022-07-05,13.6,20.3,29.2,0.2,32.0,71.2,1.4
2022-07-06,13.6,19.7,28.5,0.0,30.0,75.8,1.0
2022-07-07,13.0,19.6,29.5,0.2,28.0,71.9,1.4
2022-07-08,13.4,19.1,29.1,0.2,38.0,75.0,1.0
2022-07-09,13.0,19.1,24.8,0.0,56.0,79.6,1.4
2022-07-10,19.0,23.5,27.8,0.0,41.0,64.7,3.0
2022-07-11,15.8,22.9,30.2,0.0,29.0,64.9,2.3
2022-07-12,14.8,21.7,31.2,0.0,25.0,66.5,1.4
2022-07-13,16.8,21.3,25.1,0.0,52.0,79.3,1.5
2022-07-14,20.6,22.7,26.7,15.8,54.0,79.8,2.1
2022-07-15,18.3,23.1,29.7,0.0,40.0,70.7,2.1
2022-07-16,16.1,22.0,31.2,0.0,32.0,76.3,1.0
2022-07-17,17.6,23.2,33.0,0.0,34.0,72.1,1.2
2022-07-18,19.7,22.4,26.0,0.4,62.0,80.3,1.2
2022-07-19,16.8,21.0,28.0,0.2,47.0,83.5,1.2
2022-07-20,19.3,21.5,24.9,0.2,65.0,82.8,1.1
2022-07-21,18.9,21.3,26.6,0.0,51.0,80.8,1.4
2022-07-22,15.2,20.9,28.5,0.0,39.0,78.4,1.2
2022-07-23,14.5,20.6,28.8,0.0,43.0,79.9,1.1
2022-07-24,16.3,22.7,29.5,0.2,32.0,67.9,2.0
2022-07-25,15.5,22.0,28.7,0.0,36.0,70.3,1.7
2022-07-26,15.5,21.0,27.1,0.0,52.0,76.6,1.7
2022-07-27,17.0,22.6,28.3,0.0,41.0,69.3,2.2
2022-07-28,14.6,21.6,31.3,0.0,27.0,67.2,1.9
2022-07-29,16.9,24.2,32.0,0.0,23.0,54.3,3.9
2022-07-30,15.5,18.4,23.1,17.4,50.0,77.8,1.8
2022-07-31,13.5,17.8,23.4,0.0,43.0,76.6,1.3
2022-08-01,13.6,19.4,28.6,0.2,43.0,78.9,1.4
2022-08-02,16.2,20.3,26.9,0.0,57.0,84.5,1.1
2022-08-03,15.8,19.9,24.3,0.0,66.0,83.2,0.9
2022-08-04,16.0,21.7,28.7,0.2,54.0,77.7,1.2
2022-08-05,18.2,26.4,34.6,0.0,21.0,51.2,2.3
2022-08-06,19.2,20.1,22.8,2.6,63.0,82.4,1.3
2022-08-07,17.9,21.6,27.3,0.0,54.0,77.8,1.4
2022-08-08,19.8,21.3,24.5,0.0,57.0,83.1,1.0
2022-08-09,18.9,21.2,24.7,0.0,68.0,84.3,0.8
2022-08-10,19.6,21.7,26.7,10.0,43.0,76.1,2.4
2022-08-11,17.7,19.8,22.0,3.8,30.0,65.6,3.9
2022-08-12,15.7,18.5,22.9,28.4,54.0,79.9,1.5
2022-08-13,14.0,18.8,25.0,0.0,46.0,73.2,2.0
2022-08-14,14.2,21.0,27.7,0.2,35.0,62.7,2.4
2022-08-15,17.6,22.3,28.4,0.0,28.0,57.1,3.0
2022-08-16,15.8,24.2,33.4,0.0,19.0,54.6,1.8
2022-08-17,17.1,22.5,27.5,0.0,53.0,72.6,1.6
2022-08-18,16.5,24.2,34.2,0.0,20.0,62.8,2.5
2022-08-19,20.7,19.7,27.0,1.2,44.0,80.7,3.1
2022-08-20,15.2,16.6,19.6,34.0,54.0,81.2,1.3
2022-08-21,14.8,16.8,21.2,0.2,50.0,76.8,1.4
2022-08-22,12.8,17.2,21.1,0.0,57.0,78.5,1.5
2022-08-23,13.6,18.8,23.7,0.0,57.0,80.6,2.0
2022-08-24,18.5,19.8,22.3,6.0,69.0,86.0,2.6
2022-08-25,19.2,22.4,27.7,0.2,49.0,67.9,3.4
2022-08-26,20.3,23.6,30.2,0.0,39.0,67.6,2.5
2022-08-27,17.5,23.2,29.9,0.0,40.0,70.8,1.8
2022-08-28,17.1,24.1,33.0,0.0,24.0,66.5,2.0
2022-08-29,18.7,19.1,23.1,11.2,69.0,81.3,3.0
2022-08-30,14.8,16.8,20.3,13.2,50.0,77.4,1.7
2022-08-31,12.2,17.0,22.3,0.0,48.0,73.1,2.2
